NAME,B19013_001E,B01003_001E,B01002_001E,B15003_022E,B15003_023E,B25003_001E,B25003_002E,B25077_001E,metropolitan statistical area/micropolitan statistical area,year
"Aberdeen, SD Micro Area",70693,42292,37.9,6728,1563,17577,11846,195700,10100,2022
"Aberdeen, WA Micro Area",59105,75672,44.4,6104,2610,29542,21045,249900,10140,2022
"Abilene, TX Metro Area",61924,176656,34.3,19008,7382,65075,40831,158300,10180,2022
"Ada, OK Micro Area",59457,38116,37.3,4407,2176,14801,9733,151500,10220,2022
"Adrian, MI Micro Area",65484,99263,42.0,10011,4635,38626,30376,168100,10300,2022
"Aguadilla-Isabela, PR Metro Area",19455,308919,44.8,39242,10415,111556,72740,109300,10380,2022
"Akron, OH Metro Area",68647,700578,40.6,103159,46540,292223,197949,185800,10420,2022
"Alamogordo, NM Micro Area",50833,67850,35.9,6168,2608,23832,15649,139100,10460,2022
"Albany, GA Metro Area",53173,147716,37.5,12670,6327,57043,32360,139900,10500,2022
"Albany-Lebanon, OR Metro Area",69523,128598,40.0,12039,4626,49944,33445,319800,10540,2022
"Albany-Schenectady-Troy, NY Metro Area",83360,901729,40.3,135862,84931,372919,237513,254100,10580,2022
"Albemarle, NC Micro Area",60634,62723,41.4,5840,1898,23773,17797,190700,10620,2022
"Albert Lea, MN Micro Area",65679,30857,44.1,2625,793,12890,10100,154700,10660,2022
"Albertville, AL Micro Area",58272,97923,38.8,9437,3371,35930,27083,165600,10700,2022
"Albuquerque, NM Metro Area",63971,915968,39.1,120489,67896,367877,249016,242600,10740,2022
"Alexander City, AL Micro Area",53054,51580,46.5,3958,1661,20437,15658,122900,10760,2022
"Alexandria, LA Metro Area",55650,151721,37.7,13660,5042,55263,37488,166300,10780,2022
"Alexandria, MN Micro Area",72472,39081,44.2,5526,1634,17252,13060,277800,10820,2022
"Alice, TX Micro Area",46922,49020,35.5,3278,890,15806,10836,89200,10860,2022
"Allentown-Bethlehem-Easton, PA-NJ Metro Area",78597,863166,41.2,120157,52678,333576,230151,258000,10900,2022
"Alma, MI Micro Area",57934,41534,39.6,3514,1316,14705,11497,126500,10940,2022
"Alpena, MI Micro Area",49133,28911,47.6,2221,1051,12721,10056,128000,10980,2022
"Altoona, PA Metro Area",59386,122640,42.9,13677,4917,50587,36671,149300,11020,2022
"Altus, OK Micro Area",60954,24776,34.7,2540,1061,9835,5972,115200,11060,2022
"Amarillo, TX Metro Area",64147,269278,35.8,30261,10543,101424,65091,180600,11100,2022
"Americus, GA Micro Area",39867,33943,37.2,2918,1115,12217,7213,134200,11140,2022
"Ames, IA Metro Area",68107,125273,29.6,19247,7856,49305,30071,216000,11180,2022
"Amsterdam, NY Micro Area",58033,49624,40.6,3799,2323,18918,13001,132300,11220,2022
"Anchorage, AK Metro Area",93016,399335,35.0,55247,23252,146424,98399,344500,11260,2022
"Andrews, TX Micro Area",86458,18362,32.4,1636,302,6603,4789,179300,11380,2022
"Angola, IN Micro Area",68837,34507,43.5,3772,1578,13794,11021,187500,11420,2022
"Ann Arbor, MI Metro Area",84245,370231,34.4,62954,44756,148704,91057,336300,11460,2022
"Anniston-Oxford, AL Metro Area",54339,116162,39.2,9098,4121,44693,31694,140500,11500,2022
"Appleton, WI Metro Area",79958,242972,39.0,37305,11789,97358,71637,226600,11540,2022
"Arcadia, FL Micro Area",45000,34258,41.7,1960,687,12340,8784,139500,11580,2022
"Ardmore, OK Micro Area",56968,58360,38.5,4489,2077,22424,15264,146500,11620,2022
"Arecibo, PR Metro Area",22368,181820,44.5,25514,6446,64952,44156,107400,11640,2022
"Arkadelphia, AR Micro Area",48071,21469,31.7,2161,742,7955,4964,143300,11660,2022
"Asheville, NC Metro Area",64538,469484,44.4,81174,37399,187343,129403,295000,11700,2022
"Ashland, OH Micro Area",62254,52522,41.5,5103,2210,20478,15954,163600,11740,2022
"Ashtabula, OH Micro Area",53663,97666,42.6,7102,2875,38549,28278,139000,11780,2022
"Astoria, OR Micro Area",68025,41190,44.9,5030,2149,17246,10663,407700,11820,2022
"Atchison, KS Micro Area",55281,16309,36.1,1331,717,5840,4099,123400,11860,2022
"Athens, OH Micro Area",48750,61276,32.2,5632,4907,22582,13698,161700,11900,2022
"Athens, TN Micro Area",57982,53532,42.3,4266,1502,21230,15723,173300,11940,2022
"Athens, TX Micro Area",59778,82627,43.9,7663,2790,31973,24300,159600,11980,2022
"Athens-Clarke County, GA Metro Area",59130,216194,32.9,28499,17137,83822,45942,252300,12020,2022
"Atlanta-Sandy Springs-Alpharetta, GA Metro Area",82625,6094752,36.9,1027927,466060,2243738,1465949,299800,12060,2022
"Atlantic City-Hammonton, NJ Metro Area",73113,274339,42.0,37957,13994,106640,72378,254100,12100,2022
"Atmore, AL Micro Area",41153,36755,40.5,2168,832,13022,8744,122000,12120,2022
"Auburn, IN Micro Area",68110,43312,38.1,3936,1369,16983,13844,157700,12140,2022
"Auburn, NY Micro Area",63227,76171,43.4,7335,4526,30910,21643,158900,12180,2022
"Auburn-Opelika, AL Metro Area",59288,175126,33.0,23707,13363,65166,42517,224400,12220,2022
"Augusta-Richmond County, GA-SC Metro Area",62941,612898,38.0,70465,31073,221531,149902,186700,12260,2022
"Augusta-Waterville, ME Micro Area",62118,124003,44.3,16692,6810,53452,38739,198300,12300,2022
"Austin, MN Micro Area",66972,40082,39.1,4275,1558,15653,11744,158000,12380,2022
"Austin-Round Rock-Georgetown, TX Metro Area",92939,2296377,35.5,478692,204394,905689,532940,390500,12420,2022
"Bainbridge, GA Micro Area",47383,29063,38.3,1893,618,10295,6243,140800,12460,2022
"Bakersfield, CA Metro Area",63883,906883,32.2,66940,25009,277499,165473,282800,12540,2022
"Baltimore-Columbia-Towson, MD Metro Area",94167,2840005,38.8,457915,275573,1098268,736341,357800,12580,2022
"Bangor, ME Metro Area",59438,152640,42.4,20779,8282,63687,44498,176700,12620,2022
"Baraboo, WI Micro Area",72930,65664,41.1,8152,2457,27313,19987,227500,12660,2022
"Bardstown, KY Micro Area",66212,46779,39.9,4407,2176,18457,14120,204000,12680,2022
"Barnstable Town, MA Metro Area",90447,229436,54.5,45373,27082,99969,81334,519100,12700,2022
"Barre, VT Micro Area",77278,59768,43.8,11793,6147,25166,18285,278000,12740,2022
"Bartlesville, OK Micro Area",59426,52579,39.7,7362,2550,20404,14790,151000,12780,2022
"Batavia, NY Micro Area",68178,58204,42.7,5638,3390,24416,17919,148600,12860,2022
"Batesville, AR Micro Area",48875,55332,41.0,3894,1347,21318,15543,99400,12900,2022
"Baton Rouge, LA Metro Area",67979,869755,36.0,108214,44991,321734,223588,223600,12940,2022
"Battle Creek, MI Metro Area",58191,134011,40.0,13238,5286,53050,38018,138700,12980,2022
"Bay City, MI Metro Area",57887,103752,43.6,10450,3416,44999,34029,125000,13020,2022
"Bay City, TX Micro Area",56412,36251,37.1,3322,1408,14073,9766,155200,13060,2022
"Beatrice, NE Micro Area",60035,21654,42.9,2234,546,9154,6469,155600,13100,2022
"Beaumont-Port Arthur, TX Metro Area",62427,396279,37.3,36226,10809,145312,98203,154700,13140,2022
"Beaver Dam, WI Micro Area",71747,89032,42.7,8945,2761,35615,25144,201000,13180,2022
"Beckley, WV Metro Area",48859,114848,43.3,9660,4588,45333,34128,118700,13220,2022
"Bedford, IN Micro Area",64210,45113,43.5,3565,2070,18873,14974,146700,13260,2022
"Beeville, TX Micro Area",50283,30977,35.6,1474,735,8563,5765,106700,13300,2022
"Bellefontaine, OH Micro Area",69125,46098,41.8,3956,1793,19168,14684,168300,13340,2022
"Bellingham, WA Metro Area",77581,226523,37.8,34017,15287,91171,57442,475000,13380,2022
"Bemidji, MN Micro Area",62173,46274,35.0,5532,2305,17870,12114,203900,13420,2022
"Bend, OR Metro Area",82042,199352,42.6,36988,16216,81481,56821,526200,13460,2022
"Bennettsville, SC Micro Area",34275,26585,41.5,1024,379,9463,5985,77900,13500,2022
"Bennington, VT Micro Area",68558,37326,46.7,5734,3662,14566,10823,243000,13540,2022
"Berlin, NH Micro Area",55247,31430,49.7,3186,1276,13620,9962,157900,13620,2022
"Big Rapids, MI Micro Area",54132,40128,40.6,3940,1705,16103,12230,153000,13660,2022
"Big Spring, TX Micro Area",67243,34488,37.6,2233,668,12010,8017,132900,13700,2022
"Big Stone Gap, VA Micro Area",46680,39773,42.0,2825,1527,15644,10726,107600,13720,2022
"Billings, MT Metro Area",72377,185147,39.5,30015,8645,76348,53824,292300,13740,2022
"Binghamton, NY Metro Area",61271,246709,40.6,26177,16797,101651,68569,140300,13780,2022
"Birmingham-Hoover, AL Metro Area",68329,1114368,38.9,158617,65898,429181,301133,216200,13820,2022
"Bismarck, ND Metro Area",81846,133467,37.5,22508,6210,53760,38767,288600,13900,2022
"Blackfoot, ID Micro Area",69433,48253,34.3,4176,1200,15627,12512,230500,13940,2022
"Blacksburg-Christiansburg, VA Metro Area",62017,166304,33.7,18317,12236,62836,37794,221400,13980,2022
"Bloomington, IL Metro Area",75356,171284,34.0,32113,11940,68491,44512,191300,14010,2022
"Bloomington, IN Metro Area",59998,161426,32.6,21549,14419,65932,38519,224300,14020,2022
"Bloomsburg-Berwick, PA Metro Area",61559,83089,41.8,9165,4460,33511,23622,192700,14100,2022
"Bluefield, WV-VA Micro Area",47294,106163,43.9,9366,3748,42506,30498,114700,14140,2022
"Bluffton, IN Micro Area",68074,28167,40.6,2590,772,11155,8622,161300,14160,2022
"Blytheville, AR Micro Area",50012,40361,37.0,2413,1191,15005,9027,110000,14180,2022
"Bogalusa, LA Micro Area",41803,45514,40.6,2493,982,17162,11586,133200,14220,2022
"Boise City, ID Metro Area",78138,771602,37.3,121631,43693,285188,206983,383200,14260,2022
"Bonham, TX Micro Area",65835,36052,40.4,3356,1444,12699,9528,193200,14300,2022
"Boone, NC Micro Area",50034,54540,32.1,7527,4212,21194,12922,283000,14380,2022
"Borger, TX Micro Area",62211,20595,38.3,1537,495,6711,5497,96500,14420,2022
"Boston-Cambridge-Newton, MA-NH Metro Area",107117,4912449,39.1,943517,557528,1913599,1177476,570000,14460,2022
"Boulder, CO Metro Area",99770,328658,37.0,75431,42263,133390,83066,671100,14500,2022
"Bowling Green, KY Metro Area",60914,180624,35.5,19239,8836,69622,43060,204400,14540,2022
"Bozeman, MT Micro Area",83434,119685,33.5,25951,9268,47874,29372,526700,14580,2022
"Bradford, PA Micro Area",57861,40459,43.8,3454,1638,15931,12336,96600,14620,2022
"Brainerd, MN Micro Area",64975,96846,46.4,12489,4378,40623,32242,244000,14660,2022
"Branson, MO Micro Area",54467,56202,42.3,6574,1836,21595,14401,175100,14700,2022
"Breckenridge, CO Micro Area",100611,30955,39.0,7876,3115,11750,8200,760000,14720,2022
"Bremerton-Silverdale-Port Orchard, WA Metro Area",93675,275411,39.7,44914,17325,106031,74050,463000,14740,2022
"Brenham, TX Micro Area",70043,35807,41.9,4631,1376,14482,10643,248300,14780,2022
"Brevard, NC Micro Area",62056,33131,52.4,6065,2555,14353,10927,298600,14820,2022
"Bridgeport-Stamford-Norwalk, CT Metro Area",107351,958371,41.0,181152,107666,352307,233377,490800,14860,2022
"Brookhaven, MS Micro Area",47069,34855,40.7,2960,1392,13070,9866,128100,15020,2022
"Brookings, OR Micro Area",64300,23404,56.8,2672,1453,11148,8542,353200,15060,2022
"Brookings, SD Micro Area",64438,34631,27.7,5202,1557,13366,7797,227800,15100,2022
"Brownsville, TN Micro Area",44890,17806,43.1,898,519,7200,4182,116900,15140,2022
"Brownsville-Harlingen, TX Metro Area",47435,421854,32.0,33806,10958,132538,86523,109600,15180,2022
"Brownwood, TX Micro Area",53792,38159,41.2,3901,1013,14977,10231,137900,15220,2022
"Brunswick, GA Metro Area",60777,113854,43.5,12596,6173,45426,31679,202400,15260,2022
"Bucyrus-Galion, OH Micro Area",52486,41861,42.9,2754,1348,18168,12614,117000,15340,2022
"Buffalo-Cheektowaga, NY Metro Area",67638,1163462,40.6,159849,94029,497529,329530,190900,15380,2022
"Burley, ID Micro Area",63555,46485,33.8,3376,1255,15654,11059,213900,15420,2022
"Burlington, IA-IL Micro Area",58890,45198,43.0,4907,1617,19996,14436,128300,15460,2022
"Burlington, NC Metro Area",60866,171779,39.1,21972,7160,67370,44487,197700,15500,2022
"Burlington-South Burlington, VT Metro Area",86183,225745,38.0,43662,21579,91578,61617,348000,15540,2022
"Butte-Silver Bow, MT Micro Area",56297,35306,40.3,4492,1679,15080,10578,195800,15580,2022
"Cadillac, MI Micro Area",58374,48855,42.4,4324,1701,18983,15343,148500,15620,2022
"Calhoun, GA Micro Area",57555,57785,39.1,3675,2092,20555,14702,179100,15660,2022
"California-Lexington Park, MD Metro Area",113668,113814,37.0,15055,9665,41211,29865,376900,15680,2022
"Cambridge, MD Micro Area",57490,32557,43.8,2425,1381,13216,9046,226000,15700,2022
"Cambridge, OH Micro Area",53901,38409,42.6,2603,1137,16165,11737,145800,15740,2022
"Camden, AR Micro Area",50152,27379,43.9,1839,700,9957,7534,92700,15780,2022
"Campbellsville, KY Micro Area",56136,37254,39.3,2979,1318,14242,9921,135400,15820,2022
"Cañon City, CO Micro Area",56165,49107,44.9,5340,1879,17677,13326,264300,15860,2022
"Canton-Massillon, OH Metro Area",62859,400960,42.0,42174,18342,166045,114138,164300,15940,2022
"Cape Coral-Fort Myers, FL Metro Area",69368,772902,49.1,108170,46394,311348,228142,290900,15980,2022
"Cape Girardeau, MO-IL Metro Area",62671,97622,37.9,12102,4960,37096,25603,182400,16020,2022
"Carbondale-Marion, IL Metro Area",53747,133609,38.3,14514,7682,55760,34946,134300,16060,2022
"Carlsbad-Artesia, NM Micro Area",77458,61264,35.7,4615,2237,22703,16667,188400,16100,2022
"Carroll, IA Micro Area",68041,20728,42.4,2312,526,8696,6617,162000,16140,2022
"Carson City, NV Metro Area",67465,58249,42.1,6883,2371,23355,14450,390800,16180,2022
"Casper, WY Metro Area",69104,79506,37.7,8817,4278,32895,23937,247600,16220,2022
"Cedar City, UT Micro Area",63005,58068,29.5,6623,2222,18596,12644,299400,16260,2022
"Cedar Rapids, IA Metro Area",75477,275693,39.0,42200,14421,112467,84859,186900,16300,2022
"Cedartown, GA Micro Area",51956,43019,37.9,2561,949,15517,10098,151400,16340,2022
"Celina, OH Micro Area",73278,42321,39.4,3839,1564,16022,12623,192800,16380,2022
"Central City, KY Micro Area",50935,30735,43.0,1649,904,11847,9763,115900,16420,2022
"Centralia, IL Micro Area",59099,37543,41.9,2877,1116,15236,11244,96200,16460,2022
"Centralia, WA Micro Area",67247,82663,42.4,7495,3342,31511,22986,306600,16500,2022
"Chambersburg-Waynesboro, PA Metro Area",71808,156084,42.2,15426,7326,62576,45631,222000,16540,2022
"Champaign-Urbana, IL Metro Area",62281,223223,31.7,27230,19364,89250,49805,189700,16580,2022
"Charleston, WV Metro Area",54473,257927,43.8,26203,11629,107033,77126,125800,16620,2022
"Charleston-Mattoon, IL Micro Area",56476,57523,38.3,5765,2779,24527,15598,114500,16660,2022
"Charleston-North Charleston, SC Metro Area",77460,803398,38.0,137145,58183,318484,217657,317300,16700,2022
"Charlotte-Concord-Gastonia, NC-SC Metro Area",76177,2668688,37.8,455449,180977,1026048,677466,283000,16740,2022
"Charlottesville, VA Metro Area",86188,221648,39.0,40424,23795,87531,57717,375800,16820,2022
"Chattanooga, TN-GA Metro Area",65387,564466,40.5,75922,31528,224448,153120,220000,16860,2022
"Cheyenne, WY Metro Area",76282,100316,38.0,13178,5764,41407,29892,295800,16940,2022
"Chicago-Naperville-Elgin, IL-IN-WI Metro Area",85087,9566955,38.1,1572705,775521,3654700,2384623,288400,16980,2022
"Chico, CA Metro Area",66085,213605,36.5,28092,9286,83319,48424,371600,17020,2022
"Chillicothe, OH Micro Area",58048,76957,41.3,5498,2765,29565,20949,153500,17060,2022
"Cincinnati, OH-KY-IN Metro Area",76247,2253528,38.2,337218,152758,892073,605648,220900,17140,2022
"Clarksburg, WV Micro Area",55838,90311,42.9,8997,4041,34935,26561,145600,17220,2022
"Clarksdale, MS Micro Area",36075,21264,35.7,1699,835,8387,4479,84400,17260,2022
"Clarksville, TN-KY Metro Area",62188,322949,31.4,34536,14792,116911,71828,208200,17300,2022
"Clearlake, CA Micro Area",56259,68024,44.5,5943,2012,26487,18420,291300,17340,2022
"Cleveland, MS Micro Area",37845,30688,36.6,3006,1500,11704,6976,118200,17380,2022
"Cleveland, TN Metro Area",60001,126479,40.5,12080,5187,48441,33703,197400,17420,2022
"Cleveland-Elyria, OH Metro Area",66481,2079759,41.4,297569,139340,883673,576104,189800,17460,2022
"Clewiston, FL Micro Area",49259,39902,35.1,1947,494,13289,9269,153200,17500,2022
"Clinton, IA Micro Area",61080,46488,42.5,4879,1432,19174,14056,144900,17540,2022
"Clovis, NM Micro Area",55427,48327,31.7,4028,1872,18535,10999,151300,17580,2022
"Coamo, PR Micro Area",20569,34557,44.5,4568,962,12835,9795,100000,17620,2022
"Coco, PR Micro Area",20123,25688,42.8,2879,642,9721,7431,89400,17640,2022
"Coeur d'Alene, ID Metro Area",71949,173396,40.7,21597,7401,67002,48458,407000,17660,2022
"Coffeyville, KS Micro Area",51513,31448,40.2,2811,1266,12682,9204,90200,17700,2022
"Coldwater, MI Micro Area",60600,44795,40.9,3486,1170,16769,12985,140200,17740,2022
"College Station-Bryan, TX Metro Area",58659,269418,27.9,32550,15155,100184,51119,244100,17780,2022
"Colorado Springs, CO Metro Area",82334,755081,35.1,121891,60452,287411,191941,391000,17820,2022
"Columbia, MO Metro Area",65863,211078,32.7,33769,16270,83744,50198,225300,17860,2022
"Columbia, SC Metro Area",63471,831913,37.2,113490,54148,328749,225870,192600,17900,2022
"Columbus, GA-AL Metro Area",55720,326159,35.9,32867,16951,124701,70752,172200,17980,2022
"Columbus, IN Metro Area",76912,82371,38.0,11174,6852,32773,22991,197500,18020,2022
"Columbus, MS Micro Area",53687,58547,37.1,6283,2869,22651,14011,155300,18060,2022
"Columbus, NE Micro Area",69943,34219,38.3,3926,1360,13292,9937,195800,18100,2022
"Columbus, OH Metro Area",76541,2137223,36.4,351374,152967,843638,520188,251600,18140,2022
"Concord, NH Micro Area",88806,153918,42.8,23235,12637,59851,44153,297600,18180,2022
"Connersville, IN Micro Area",52219,23391,43.0,1863,552,9672,6723,99100,18220,2022
"Cookeville, TN Micro Area",52638,114463,38.8,11402,4183,46122,30679,195600,18260,2022
"Coos Bay, OR Micro Area",57563,64908,48.4,6212,2868,28075,19418,276300,18300,2022
"Cordele, GA Micro Area",47463,20255,40.4,1157,379,7951,4292,106900,18380,2022
"Corinth, MS Micro Area",47716,34717,40.1,2716,1096,13975,9211,125800,18420,2022
"Cornelia, GA Micro Area",61292,46326,39.0,4024,2166,15606,11754,188800,18460,2022
"Corning, NY Micro Area",62506,93584,42.8,8548,6387,39165,28480,121000,18500,2022
"Corpus Christi, TX Metro Area",64005,422187,36.2,38648,15449,154042,93504,175100,18580,2022
"Corsicana, TX Micro Area",56261,52834,37.5,3882,1472,18058,12257,142300,18620,2022
"Cortland, NY Micro Area",65029,46755,36.3,4387,2920,18514,12213,148200,18660,2022
"Corvallis, OR Metro Area",72882,95615,33.5,16602,8531,37853,21191,442300,18700,2022
"Coshocton, OH Micro Area",52048,36629,40.6,2712,1286,14739,10562,128600,18740,2022
"Craig, CO Micro Area",63983,13232,37.1,1333,327,5187,3467,247500,18780,2022
"Crawfordsville, IN Micro Area",62937,38018,40.4,3398,1486,15404,11599,156400,18820,2022
"Crescent City, CA Micro Area",61149,27462,40.0,2193,841,9530,6492,282500,18860,2022
"Crestview-Fort Walton Beach-Destin, FL Metro Area",74279,288639,39.2,42849,18568,114825,80513,301500,18880,2022
"Crossville, TN Micro Area",56002,61552,52.6,5206,2442,26931,21283,199800,18900,2022
"Cullman, AL Micro Area",58119,88284,41.4,7463,3105,33649,25640,166000,18980,2022
"Cullowhee, NC Micro Area",51758,56518,40.1,5994,2970,23421,15141,228500,19000,2022
"Cumberland, MD-WV Metro Area",57539,95118,42.7,8082,5019,37994,27785,149400,19060,2022
"Dallas-Fort Worth-Arlington, TX Metro Area",83398,7673379,35.3,1207983,511357,2759356,1653880,299000,19100,2022
"Dalton, GA Metro Area",60017,143096,37.1,9299,4273,50656,35251,168500,19140,2022
"Danville, IL Metro Area",52787,74113,40.8,4973,2372,29904,20781,91000,19180,2022
"Danville, KY Micro Area",53228,54933,40.7,4675,2688,21341,15635,151600,19220,2022
"Danville, VA Micro Area",46853,103048,45.3,8087,3255,43242,28232,128400,19260,2022
"Daphne-Fairhope-Foley, AL Metro Area",71039,233420,43.7,33474,15077,90802,70708,266000,19300,2022
"Davenport-Moline-Rock Island, IA-IL Metro Area",68395,382983,40.0,48532,20520,159072,112434,161800,19340,2022
"Dayton, TN Micro Area",55568,33031,40.9,2666,1028,12744,9365,155800,19420,2022
"Dayton-Kettering, OH Metro Area",67088,812506,39.3,101368,57447,339070,219317,171200,19430,2022
"Decatur, AL Metro Area",60036,156218,41.1,15858,6195,60833,45113,166400,19460,2022
"Decatur, IL Metro Area",59622,103542,40.7,11357,4370,43362,29890,119800,19500,2022
"Decatur, IN Micro Area",61731,35827,33.4,2340,792,12349,10152,164500,19540,2022
"Defiance, OH Micro Area",69302,38300,40.8,3177,1477,15262,11814,147600,19580,2022
"Del Rio, TX Micro Area",57250,47693,31.7,3516,1727,16643,10975,138500,19620,2022
"Deltona-Daytona Beach-Ormond Beach, FL Metro Area",64197,676035,47.6,88029,32718,280222,205464,259700,19660,2022
"Deming, NM Micro Area",38241,25393,36.5,1129,622,8951,5962,100900,19700,2022
"Denver-Aurora-Lakewood, CO Metro Area",96920,2959386,37.0,616405,266243,1180016,758192,518900,19740,2022
"DeRidder, LA Micro Area",68525,36553,37.3,2961,1229,13587,11181,150200,19760,2022
"Des Moines-West Des Moines, IA Metro Area",81103,711490,36.6,124712,41349,283928,197711,235800,19780,2022
"Detroit-Warren-Dearborn, MI Metro Area",72456,4375604,40.1,611323,312308,1742543,1229518,223800,19820,2022
"Dickinson, ND Micro Area",78608,33828,34.5,4144,1123,13520,8720,254900,19860,2022
"Dixon, IL Micro Area",64588,34221,42.8,3046,1154,13669,9681,147100,19940,2022
"Dodge City, KS Micro Area",67997,34212,32.6,2581,1170,11676,7511,121500,19980,2022
"Dothan, AL Metro Area",54171,150969,41.3,14216,5823,58620,40520,154200,20020,2022
"Douglas, GA Micro Area",46936,51321,36.2,2574,1072,17957,11895,111300,20060,2022
"Dover, DE Metro Area",69278,182400,38.5,19471,10186,68705,48353,272300,20100,2022
"Dublin, GA Micro Area",46411,65043,40.4,3663,2441,23398,15145,117300,20140,2022
"DuBois, PA Micro Area",56982,79707,45.2,7564,2892,31741,24695,118300,20180,2022
"Dubuque, IA Metro Area",73495,98812,38.7,14121,5422,39985,29312,210300,20220,2022
"Duluth, MN-WI Metro Area",67612,291491,41.7,39387,14795,123473,90118,193600,20260,2022
"Dumas, TX Micro Area",59041,21284,30.7,994,420,6989,4537,122700,20300,2022
"Duncan, OK Micro Area",57065,43140,40.7,3650,1672,17032,12726,127500,20340,2022
"Durango, CO Micro Area",81936,55983,41.8,12325,4837,22691,16036,497800,20420,2022
"Durant, OK Micro Area",54289,46528,36.8,4972,1867,17941,11417,151500,20460,2022
"Durham-Chapel Hill, NC Metro Area",76040,648066,38.1,111206,63802,259778,164797,310600,20500,2022
"Dyersburg, TN Micro Area",53150,36818,40.5,3266,1422,14640,9263,148900,20540,2022
"Eagle Pass, TX Micro Area",48497,57806,30.1,3846,1016,17901,12199,125000,20580,2022
"Easton, MD Micro Area",81667,37663,51.4,6565,3227,16270,11868,382000,20660,2022
"East Stroudsburg, PA Metro Area",80656,168128,43.5,19037,10370,59113,46524,221100,20700,2022
"Eau Claire, WI Metro Area",70009,171951,37.7,23551,7845,68807,46412,222600,20740,2022
"Edwards, CO Micro Area",98887,55650,38.3,14027,5093,20084,13774,728400,20780,2022
"Effingham, IL Micro Area",73181,34594,39.3,4213,1275,14098,10969,166500,20820,2022
"El Campo, TX Micro Area",59712,41614,37.7,3508,1146,15148,10112,170100,20900,2022
"El Centro, CA Metro Area",53847,179578,32.6,13008,3370,47024,27122,256000,20940,2022
"El Dorado, AR Micro Area",49745,38815,41.3,3250,1274,14940,10868,110900,20980,2022
"Elizabeth City, NC Micro Area",60668,53507,41.7,5855,2461,20990,14167,203900,21020,2022
"Elizabethtown-Fort Knox, KY Metro Area",64111,155871,38.1,13328,7889,59159,38752,184100,21060,2022
"Elk City, OK Micro Area",51499,22295,36.3,1574,574,8013,5294,149800,21120,2022
"Elkhart-Goshen, IN Metro Area",63978,206841,35.6,17339,6745,71751,51118,181800,21140,2022
"Elkins, WV Micro Area",51186,28005,44.6,2501,876,10362,7711,128700,21180,2022
"Elko, NV Micro Area",87631,55222,35.2,3750,1666,19602,13445,272200,21220,2022
"Ellensburg, WA Micro Area",66800,44424,36.4,6515,2436,19250,11848,417600,21260,2022
"Elmira, NY Metro Area",61358,83584,41.7,7943,5154,34779,23801,128200,21300,2022
"El Paso, TX Metro Area",55344,867161,32.8,90569,32447,293470,184946,153400,21340,2022
"Emporia, KS Micro Area",56068,34752,33.6,3340,1848,14288,8457,131600,21380,2022
"Enid, OK Metro Area",64165,62456,35.7,6322,2433,23815,15657,142000,21420,2022
"Enterprise, AL Micro Area",62199,53559,39.2,4786,2424,20363,14145,162200,21460,2022
"Erie, PA Metro Area",59396,270495,39.9,34409,15329,109474,74409,160200,21500,2022
"Escanaba, MI Micro Area",53852,36839,47.6,3750,1163,15851,12425,139200,21540,2022
"Española, NM Micro Area",52031,40285,41.7,2941,1889,14076,11102,212700,21580,2022
"Eufaula, AL-GA Micro Area",39599,27057,41.5,1285,707,9974,6631,101100,21640,2022
"Eugene-Springfield, OR Metro Area",65157,382218,40.1,51671,24344,158621,94086,363800,21660,2022
"Eureka-Arcata, CA Micro Area",57881,136132,39.5,19011,6619,54495,30965,386000,21700,2022
"Evanston, WY Micro Area",78164,20546,36.0,1796,531,7586,5914,224800,21740,2022
"Evansville, IN-KY Metro Area",64084,313961,40.1,37989,16146,129861,89929,173500,21780,2022
"Fairbanks, AK Metro Area",81655,96299,32.1,12039,5358,35824,21494,276800,21820,2022
"Fairfield, IA Micro Area",52210,15785,44.2,2716,1557,6826,4466,141500,21840,2022
"Fairmont, MN Micro Area",61674,19960,44.8,2185,744,8870,6437,148100,21860,2022
"Fairmont, WV Micro Area",59974,56194,40.3,6088,2933,23083,17374,147600,21900,2022
"Fallon, NV Micro Area",69922,25409,39.7,2169,515,9595,6419,255200,21980,2022
"Fargo, ND-MN Metro Area",73641,251635,32.7,44127,14539,105017,58464,261000,22020,2022
"Faribault-Northfield, MN Micro Area",78214,67152,37.1,8107,3205,23265,17566,279700,22060,2022
"Farmington, MO Micro Area",53083,66814,39.4,4159,2192,23973,16575,141700,22100,2022
"Farmington, NM Metro Area",50734,121798,36.8,7345,3825,41049,28878,170700,22140,2022
"Fayetteville, NC Metro Area",57488,522537,32.8,54270,21912,193096,112369,175600,22180,2022
"Fayetteville-Springdale-Rogers, AR Metro Area",73316,550596,34.4,74685,33938,204195,126833,242800,22220,2022
"Fergus Falls, MN Micro Area",67990,60072,46.1,7778,2431,24910,19963,234200,22260,2022
"Fernley, NV Micro Area",70026,59435,43.2,4970,1502,23290,17790,314200,22280,2022
"Findlay, OH Micro Area",67006,75072,39.4,9236,4384,31343,21580,179600,22300,2022
"Fitzgerald, GA Micro Area",38255,17169,38.7,1003,256,7126,4123,100000,22340,2022
"Flagstaff, AZ Metro Area",67266,144705,31.7,20215,9779,51993,30705,379400,22380,2022
"Flint, MI Metro Area",58594,405280,40.5,41339,17176,166060,116882,158400,22420,2022
"Florence, SC Metro Area",52401,200040,39.7,18880,8539,77266,51071,150300,22500,2022
"Florence-Muscle Shoals, AL Metro Area",56113,151599,41.3,14950,6450,61503,42335,164400,22520,2022
"Fond du Lac, WI Metro Area",70368,104027,41.9,10940,4073,42368,29931,195800,22540,2022
"Forest City, NC Micro Area",50512,64680,44.9,6080,2570,26273,19271,158200,22580,2022
"Forrest City, AR Micro Area",39822,23138,38.8,1213,787,8102,4395,82400,22620,2022
"Fort Collins, CO Metro Area",87199,359363,36.3,73222,34627,148851,96055,488300,22660,2022
"Fort Dodge, IA Micro Area",65335,36986,39.8,3861,898,15582,10858,130400,22700,2022
"Fort Leonard Wood, MO Micro Area",62541,53726,27.7,5053,2205,15653,8954,177400,22780,2022
"Fort Madison-Keokuk, IA-IL-MO Micro Area",58590,57717,44.2,6014,1950,24056,18721,114500,22800,2022
"Fort Morgan, CO Micro Area",70471,29045,36.9,2194,918,10872,7022,277400,22820,2022
"Fort Payne, AL Micro Area",47920,71680,39.6,3996,2248,25690,18974,129000,22840,2022
"Fort Polk South, LA Micro Area",56547,48452,31.5,4115,1220,17726,9809,141900,22860,2022
"Fort Smith, AR-OK Metro Area",53224,245475,38.9,22873,7839,96258,63996,146600,22900,2022
"Fort Wayne, IN Metro Area",66758,419715,36.5,55018,20206,165703,116762,175100,23060,2022
"Frankfort, IN Micro Area",59515,33020,36.7,2293,1027,12382,9001,140100,23140,2022
"Frankfort, KY Micro Area",64669,75314,40.6,9387,4813,31733,21503,188900,23180,2022
"Fredericksburg, TX Micro Area",70162,26953,49.7,4346,1949,11035,7705,399400,23240,2022
"Freeport, IL Micro Area",57527,44482,45.6,4130,1854,19337,13448,122000,23300,2022
"Fremont, NE Micro Area",66793,37175,39.4,3438,1515,14624,9613,168900,23340,2022
"Fremont, OH Micro Area",60814,58885,42.3,5219,2077,24038,17822,142300,23380,2022
"Fresno, CA Metro Area",67756,1008280,32.8,96794,32332,318322,172455,338200,23420,2022
"Gadsden, AL Metro Area",52177,103348,41.9,7840,3418,38791,28454,148400,23460,2022
"Gaffney, SC Micro Area",47011,56200,40.0,3885,2167,21288,15079,124500,23500,2022
"Gainesville, FL Metro Area",56638,341067,33.9,45013,23927,133312,79117,226100,23540,2022
"Gainesville, GA Metro Area",74153,204953,37.8,21466,7824,69387,48570,277900,23580,2022
"Gainesville, TX Micro Area",66374,41860,40.4,4462,1553,16196,11192,207100,23620,2022
"Galesburg, IL Micro Area",50263,49751,42.3,4754,1759,20734,14246,96800,23660,2022
"Gallup, NM Micro Area",44029,72073,33.6,3341,1670,20913,15034,70200,23700,2022
"Garden City, KS Micro Area",68481,42151,32.3,3030,1129,14373,9400,182100,23780,2022
"Gardnerville Ranchos, NV Micro Area",84262,49476,53.5,7930,2954,21001,16113,529600,23820,2022
"Georgetown, SC Micro Area",59782,63594,51.0,9331,3918,26029,21281,234600,23860,2022
"Gettysburg, PA Metro Area",78975,104604,43.8,10195,5984,40006,31264,242800,23900,2022
"Gillette, WY Micro Area",88151,60985,37.0,5866,2319,22902,18237,245900,23940,2022
"Glasgow, KY Micro Area",47855,54824,40.6,3835,1821,21752,14892,144300,23980,2022
"Glens Falls, NY Metro Area",71380,126994,45.7,14442,9277,54017,38952,208800,24020,2022
"Glenwood Springs, CO Micro Area",86831,79008,38.7,14010,5514,30504,20935,485700,24060,2022
"Gloversville, NY Micro Area",60557,53280,44.2,4454,2442,22103,15265,142000,24100,2022
"Goldsboro, NC Metro Area",54323,117480,37.5,10860,3819,46949,28798,152300,24140,2022
"Granbury, TX Micro Area",80013,62459,46.5,9707,3508,24734,19879,249400,24180,2022
"Grand Forks, ND-MN Metro Area",65971,104055,32.7,14546,4434,43207,24645,225400,24220,2022
"Grand Island, NE Metro Area",63314,76726,37.2,7102,2695,29745,19374,186200,24260,2022
"Grand Junction, CO Metro Area",68077,156131,40.6,22061,7328,63098,45317,312600,24300,2022
"Grand Rapids, MN Micro Area",63962,45054,46.8,5232,2137,18121,14942,198500,24330,2022
"Grand Rapids-Kentwood, MI Metro Area",76898,1087068,36.1,164363,65576,407805,298720,239900,24340,2022
"Grants, NM Micro Area",49866,27211,38.0,1507,974,8124,5773,101900,24380,2022
"Grants Pass, OR Metro Area",56068,87994,47.4,7812,3301,36210,25565,353800,24420,2022
"Great Bend, KS Micro Area",54634,25477,39.2,2657,845,10055,6773,113200,24460,2022
"Great Falls, MT Metro Area",61351,84423,37.9,10151,4212,34577,23517,227600,24500,2022
"Greeley, CO Metro Area",89182,331466,35.0,42730,17650,115536,86836,412200,24540,2022
"Green Bay, WI Metro Area",74208,328011,39.1,45994,14471,133681,91521,220000,24580,2022
"Greeneville, TN Micro Area",51975,70399,44.7,5678,2365,27777,20948,166500,24620,2022
"Greensboro-High Point, NC Metro Area",59567,775169,38.9,104459,42922,307429,195554,188800,24660,2022
"Greensburg, IN Micro Area",71566,26432,39.7,2753,785,10301,7586,174400,24700,2022
"Greenville, MS Micro Area",38394,44604,37.9,3818,1576,17290,9986,93000,24740,2022
"Greenville, NC Metro Area",54915,171196,33.2,21025,9398,72153,36960,178700,24780,2022
"Greenville, OH Micro Area",60237,51751,41.7,3844,1506,21026,15091,157800,24820,2022
"Greenville-Anderson, SC Metro Area",66226,931405,38.8,130884,56038,366748,258390,221100,24860,2022
"Greenwood, MS Micro Area",35452,37850,36.6,2683,1471,13693,8622,97500,24900,2022
"Greenwood, SC Micro Area",47553,69309,40.2,7245,3021,27640,17983,144000,24940,2022
"Grenada, MS Micro Area",45745,21474,38.4,1936,1010,8434,5757,130100,24980,2022
"Guayama, PR Metro Area",19290,68089,42.8,7887,2643,26869,19281,96400,25020,2022
"Gulfport-Biloxi, MS Metro Area",58287,416839,39.1,42020,19390,161467,107940,175800,25060,2022
"Guymon, OK Micro Area",55682,21144,33.1,2092,918,6865,4670,146200,25100,2022
"Hagerstown-Martinsburg, MD-WV Metro Area",72751,295165,40.5,29624,14545,114632,81151,242400,25180,2022
"Hailey, ID Micro Area",81271,25381,44.2,5575,1766,9621,7227,534900,25200,2022
"Hammond, LA Metro Area",55274,133953,35.7,12831,4379,48658,35378,193300,25220,2022
"Hanford-Corcoran, CA Metro Area",68540,152515,32.1,9541,2996,43594,23924,281400,25260,2022
"Hannibal, MO Micro Area",62527,38881,40.6,3735,1863,15309,11270,148700,25300,2022
"Harrisburg-Carlisle, PA Metro Area",76189,593318,40.1,89213,38382,240026,162300,226100,25420,2022
"Harrison, AR Micro Area",52078,44905,43.0,3386,1366,18077,12812,158600,25460,2022
"Harrisonburg, VA Metro Area",66823,135689,34.6,14979,7668,48754,30319,265900,25500,2022
"Hartford-East Hartford-Middletown, CT Metro Area",89371,1215703,40.3,195362,113475,484037,323252,288800,25540,2022
"Hastings, NE Micro Area",61502,31143,38.0,3383,1301,12717,8691,166300,25580,2022
"Hattiesburg, MS Metro Area",55078,172176,35.6,18233,8952,65663,41937,160200,25620,2022
"Hays, KS Micro Area",59665,28921,32.9,4187,1659,11958,7335,199100,25700,2022
"Heber, UT Micro Area",114857,77533,38.1,16911,6580,25062,19887,740800,25720,2022
"Helena, MT Micro Area",72168,83760,42.3,15781,6541,34962,25244,334300,25740,2022
"Helena-West Helena, AR Micro Area",37458,16373,39.7,1021,487,6180,3318,74100,25760,2022
"Henderson, NC Micro Area",48340,42492,40.7,3502,1328,16123,9518,133000,25780,2022
"Hereford, TX Micro Area",51942,18585,32.0,952,224,6022,3881,107500,25820,2022
"Hermiston-Pendleton, OR Micro Area",69901,92044,36.9,6614,3085,31623,21181,232400,25840,2022
"Hickory-Lenoir-Morganton, NC Metro Area",57943,366031,43.2,37512,12507,145518,107696,172700,25860,2022
"Hillsdale, MI Micro Area",59425,45698,42.8,3631,1927,17606,14063,159000,25880,2022
"Hilo, HI Micro Area",74238,202163,43.3,27870,10917,72468,51778,454900,25900,2022
"Hilton Head Island-Bluffton, SC Metro Area",77536,218515,46.2,37643,19223,87908,66168,364800,25940,2022
"Hinesville, GA Metro Area",55427,82354,29.3,6114,2111,28522,14431,158800,25980,2022
"Hobbs, NM Micro Area",65855,73103,32.2,3298,2636,24379,16679,162000,26020,2022
"Holland, MI Micro Area",75543,120189,40.4,13239,5265,44621,37991,225000,26090,2022
"Homosassa Springs, FL Metro Area",52569,155173,56.9,15052,6543,67551,57661,190800,26140,2022
"Hood River, OR Micro Area",80254,23965,40.2,3663,1676,9039,6170,492500,26220,2022
"Hope, AR Micro Area",44423,28329,41.4,1755,763,10509,7080,93800,26260,2022
"Hot Springs, AR Metro Area",54229,100021,45.4,11550,5152,43220,29509,166600,26300,2022
"Houghton, MI Micro Area",52857,39502,33.3,4504,2603,15238,10772,131600,26340,2022
"Houma-Thibodaux, LA Metro Area",62443,206082,37.8,16377,6302,78333,59624,175600,26380,2022
"Houston-The Woodlands-Sugar Land, TX Metro Area",78061,7142603,35.0,1011331,416318,2524403,1542231,253600,26420,2022
"Hudson, NY Micro Area",81741,61469,49.3,8970,5838,25300,18868,283700,26460,2022
"Huntingdon, PA Micro Area",61300,44123,43.6,3819,1429,15771,12383,169000,26500,2022
"Huntington, IN Micro Area",59894,36699,41.4,3695,1505,15165,11462,134000,26540,2022
"Huntington-Ashland, WV-KY-OH Metro Area",55964,359005,41.6,32962,17872,141459,103328,142800,26580,2022
"Huntsville, AL Metro Area",78521,493980,38.9,85393,44857,198141,138513,240400,26620,2022
"Huntsville, TX Micro Area",47193,77182,36.5,6420,2583,24592,13493,187200,26660,2022
"Huron, SD Micro Area",64167,20925,38.4,2244,786,8302,5948,148100,26700,2022
"Hutchinson, KS Micro Area",57390,61881,40.5,5730,2183,25157,17690,119200,26740,2022
"Hutchinson, MN Micro Area",73296,36727,41.3,3176,1221,14825,11391,214300,26780,2022
"Idaho Falls, ID Metro Area",73337,158478,33.1,19867,6844,53049,38838,285000,26820,2022
"Indiana, PA Micro Area",57170,83394,39.6,8056,4486,32285,23068,140700,26860,2022
"Indianapolis-Carmel-Anderson, IN Metro Area",73571,2109957,36.7,331109,133630,822994,545951,223300,26900,2022
"Indianola, MS Micro Area",37403,25867,36.7,1768,1101,8136,4556,103800,26940,2022
"Iowa City, IA Metro Area",72680,175894,31.6,29190,13634,70336,42705,265500,26980,2022
"Iron Mountain, MI-WI Micro Area",59483,30511,48.2,3751,1272,13642,11482,129400,27020,2022
"Ithaca, NY Metro Area",69995,102555,32.6,15045,11336,42984,23328,264300,27060,2022
"Jackson, MI Metro Area",62581,160637,41.1,16714,6832,62059,46194,166700,27100,2022
"Jackson, MS Metro Area",60085,591397,37.7,77860,34310,224729,151669,176500,27140,2022
"Jackson, OH Micro Area",56549,32563,40.1,2415,952,12453,9261,127500,27160,2022
"Jackson, TN Metro Area",55807,180446,38.9,16506,7393,70643,45981,152200,27180,2022
"Jackson, WY-ID Micro Area",102435,35159,39.6,9699,3689,13962,9387,847300,27220,2022
"Jacksonville, FL Metro Area",73194,1613587,38.9,248251,96616,623232,410398,281000,27260,2022
"Jacksonville, IL Micro Area",62004,37781,41.9,4103,1320,15245,11040,118900,27300,2022
"Jacksonville, NC Metro Area",59976,203686,26.9,19410,7042,71009,41845,196800,27340,2022
"Jacksonville, TX Micro Area",56971,50824,38.2,3423,1479,18069,13002,138500,27380,2022
"Jamestown, ND Micro Area",59167,21609,40.3,2706,773,9110,5897,191000,27420,2022
"Jamestown-Dunkirk-Fredonia, NY Micro Area",54625,127440,42.8,12068,7677,53405,36891,110900,27460,2022
"Janesville-Beloit, WI Metro Area",70630,163817,40.0,18465,7107,66439,46462,193000,27500,2022
"Jasper, AL Micro Area",52987,64978,41.8,4268,1932,24718,19152,124100,27530,2022
"Jasper, IN Micro Area",67610,55811,40.9,5904,1966,22468,17816,171400,27540,2022
"Jayuya, PR Micro Area",18363,14726,41.7,1669,431,4945,2934,102300,27580,2022
"Jefferson, GA Micro Area",82056,77033,37.9,9536,3152,25740,20562,280600,27600,2022
"Jefferson City, MO Metro Area",70195,150182,39.5,20226,8233,57043,41342,189800,27620,2022
"Jennings, LA Micro Area",52470,32277,37.9,1963,1126,11682,9071,149800,27660,2022
"Jesup, GA Micro Area",49847,30277,38.7,1713,702,10754,6923,142200,27700,2022
"Johnson City, TN Metro Area",54217,207442,42.2,24734,11179,87185,58902,183600,27740,2022
"Johnstown, PA Metro Area",54221,133263,45.6,14836,4968,55541,42088,110900,27780,2022
"Jonesboro, AR Metro Area",52709,134035,35.1,13572,5795,51433,31057,166600,27860,2022
"Joplin, MO Metro Area",56930,181807,37.7,19719,6624,69472,46356,151800,27900,2022
"Juneau, AK Micro Area",95711,32108,39.0,5922,2241,13017,8365,404600,27940,2022
"Kahului-Wailuku-Lahaina, HI Metro Area",95379,164765,42.2,23629,8147,54728,35758,800100,27980,2022
"Kalamazoo-Portage, MI Metro Area",67905,261426,34.6,40547,19120,105797,67729,209700,28020,2022
"Kalispell, MT Micro Area",68025,105950,42.3,17554,5961,42154,31328,414200,28060,2022
"Kankakee, IL Metro Area",65489,107421,38.9,8806,4620,40591,27634,176800,28100,2022
"Kansas City, MO-KS Metro Area",78827,2190750,37.7,356738,160209,869964,568916,246000,28140,2022
"Kapaa, HI Micro Area",88869,73511,42.3,11228,3118,22978,14896,742900,28180,2022
"Kearney, NE Micro Area",70727,56758,35.0,8267,2695,22227,15021,216000,28260,2022
"Keene, NH Micro Area",76551,76610,43.5,11579,5517,30307,21422,238800,28300,2022
"Kendallville, IN Micro Area",70286,47431,39.4,3931,1366,17688,13546,168100,28340,2022
"Kennett, MO Micro Area",44868,28174,39.4,1346,981,11134,6959,93300,28380,2022
"Kennewick-Richland, WA Metro Area",82146,304252,34.3,33544,15272,103859,71208,330200,28420,2022
"Kerrville, TX Micro Area",66713,52810,48.2,7081,3034,22024,15571,260700,28500,2022
"Ketchikan, AK Micro Area",82763,13910,40.6,1908,671,5568,3656,361000,28540,2022
"Key West, FL Micro Area",80111,82044,48.3,14115,6494,34388,21391,696900,28580,2022
"Kill Devil Hills, NC Micro Area",79742,37160,48.1,7818,3120,16081,12513,386600,28620,2022
"Killeen-Temple, TX Metro Area",63394,477577,32.2,48658,18389,167585,94288,190900,28660,2022
"Kingsport-Bristol, TN-VA Metro Area",53644,308386,45.7,34142,12965,128510,94925,166500,28700,2022
"Kingston, NY Metro Area",77197,182153,44.2,26089,16063,72265,49975,288400,28740,2022
"Kingsville, TX Micro Area",52407,30976,28.6,2565,1108,11953,6449,128100,28780,2022
"Kinston, NC Micro Area",43063,55071,42.7,3974,1451,22665,13332,101600,28820,2022
"Kirksville, MO Micro Area",51618,29365,30.5,2357,1582,10128,6420,142000,28860,2022
"Klamath Falls, OR Micro Area",57219,69506,41.1,6512,2709,28186,18895,234200,28900,2022
"Knoxville, TN Metro Area",66715,884359,40.4,117655,51656,354916,247280,230700,28940,2022
"Kokomo, IN Metro Area",62014,83452,41.2,7700,3073,34957,25052,143100,29020,2022
"Laconia, NH Micro Area",80719,63914,47.8,9127,4956,25956,20011,295900,29060,2022
"La Crosse-Onalaska, WI-MN Metro Area",69043,139042,37.7,19731,8121,58207,37851,224700,29100,2022
"Lafayette, LA Metro Area",58150,479865,36.9,56330,16493,187614,130012,187800,29180,2022
"Lafayette-West Lafayette, IN Metro Area",57188,224515,30.4,26226,12386,88029,50496,184300,29200,2022
"La Grande, OR Micro Area",61946,26286,39.7,2916,803,10700,7127,243400,29260,2022
"LaGrange, GA-AL Micro Area",52767,104139,38.8,7759,3211,38730,24704,147600,29300,2022
"Lake Charles, LA Metro Area",64764,216217,37.0,22031,8192,79019,56345,195600,29340,2022
"Lake City, FL Micro Area",53501,69832,40.7,5293,1799,26391,18850,165300,29380,2022
"Lake Havasu City-Kingman, AZ Metro Area",53592,214229,52.9,14796,6310,95169,69067,233700,29420,2022
"Lakeland-Winter Haven, FL Metro Area",60901,736229,39.8,73601,26530,264145,184335,215700,29460,2022
"Lamesa, TX Micro Area",45268,12342,34.0,902,100,4133,2960,95100,29500,2022
"Lancaster, PA Metro Area",81458,553202,39.0,73258,30874,208988,146185,263600,29540,2022
"Lansing-East Lansing, MI Metro Area",68270,538985,37.1,72202,32885,219633,148476,183800,29620,2022
"Laramie, WY Micro Area",55887,37525,28.3,6073,3629,16290,8235,291500,29660,2022
"Laredo, TX Metro Area",59984,267282,29.4,22081,6872,77797,49227,161000,29700,2022
"Las Cruces, NM Metro Area",51232,219870,33.2,23076,13243,81969,52513,187400,29740,2022
"Las Vegas, NM Micro Area",42301,31423,47.5,3026,1946,13677,10184,141000,29780,2022
"Las Vegas-Henderson-Paradise, NV Metro Area",69911,2265926,37.8,271537,98248,832367,467708,368800,29820,2022
"Laurel, MS Micro Area",48389,83472,38.6,6732,3109,30770,23593,118000,29860,2022
"Laurinburg, NC Micro Area",41948,34222,39.0,2115,928,12224,7309,99900,29900,2022
"Lawrence, KS Metro Area",66153,119094,30.7,20252,10893,49605,25004,259500,29940,2022
"Lawrenceburg, TN Micro Area",51038,44377,39.0,2807,1470,16484,12426,156500,29980,2022
"Lawton, OK Metro Area",57196,127314,33.8,12210,5155,46451,25891,143200,30020,2022
"Lebanon, MO Micro Area",49202,36060,39.5,2858,1061,14345,10061,151800,30060,2022
"Lebanon, NH-VT Micro Area",74152,221463,45.9,34436,19438,88203,65675,246000,30100,2022
"Lebanon, PA Metro Area",72532,143258,41.3,14402,6244,55236,39519,211400,30140,2022
"Levelland, TX Micro Area",53283,21495,35.3,1544,638,7922,5765,110800,30220,2022
"Lewisburg, PA Micro Area",64914,42908,39.7,3850,2029,14172,10156,210300,30260,2022
"Lewisburg, TN Micro Area",65325,34567,39.3,3399,1145,13019,10006,218500,30280,2022
"Lewiston, ID-WA Metro Area",64488,64570,42.1,7468,2414,26623,19115,262000,30300,2022
"Lewiston-Auburn, ME Metro Area",64500,111532,40.8,11847,4343,45825,30450,211800,30340,2022
"Lewistown, PA Micro Area",58012,46146,43.3,2745,1158,18612,13308,131300,30380,2022
"Lexington, NE Micro Area",68128,25910,36.8,2075,595,9561,6529,141900,30420,2022
"Lexington-Fayette, KY Metro Area",68089,515954,36.5,77646,38074,210280,126374,238300,30460,2022
"Liberal, KS Micro Area",57131,21942,30.5,1056,281,7071,4615,126000,30580,2022
"Lima, OH Metro Area",58976,102087,39.8,8167,3649,40735,27494,147000,30620,2022
"Lincoln, IL Micro Area",62547,28027,40.3,2695,1010,11101,7841,118200,30660,2022
"Lincoln, NE Metro Area",70899,339707,34.2,54192,21494,136445,81810,238300,30700,2022
"Little Rock-North Little Rock-Conway, AR Metro Area",62664,749290,37.4,100574,44057,301896,193382,185700,30780,2022
"Lock Haven, PA Micro Area",59011,37860,39.8,3283,1361,14877,10622,165100,30820,2022
"Logan, UT-ID Metro Area",71739,148804,26.0,18463,7512,46390,30364,343200,30860,2022
"Logansport, IN Micro Area",55862,37820,41.3,2599,1166,14970,11189,110600,30900,2022
"London, KY Micro Area",45127,149619,39.1,8913,5928,54839,37891,118800,30940,2022
"Longview, TX Metro Area",62910,287359,37.9,26331,9702,104762,72282,165100,30980,2022
"Longview, WA Metro Area",70912,110621,40.8,8679,3194,43167,28664,332200,31020,2022
"Los Alamos, NM Micro Area",135801,19253,41.2,3869,3078,8149,5929,412700,31060,2022
"Los Angeles-Long Beach-Anaheim, CA Metro Area",89105,13111917,37.7,2134359,806517,4429379,2155123,772000,31080,2022
"Louisville/Jefferson County, KY-IN Metro Area",69771,1282588,39.3,173649,82071,515310,349990,222400,31140,2022
"Lubbock, TX Metro Area",61535,322285,31.4,37992,15749,125732,70543,180100,31180,2022
"Ludington, MI Micro Area",60744,29178,46.7,3067,1651,12296,9609,181200,31220,2022
"Lufkin, TX Micro Area",57055,86608,37.8,6706,3057,31583,20380,138600,31260,2022
"Lumberton, NC Micro Area",39393,117573,36.8,7243,3097,42509,27881,87700,31300,2022
"Lynchburg, VA Metro Area",64307,262124,40.0,32770,15146,102979,72714,209000,31340,2022
"Macomb, IL Micro Area",48904,27370,34.9,2678,1777,11600,7106,100400,31380,2022
"Macon-Bibb County, GA Metro Area",54700,233334,38.5,20029,11216,87541,54680,160100,31420,2022
"Madera, CA Metro Area",73543,157243,34.4,11497,3900,43857,28719,340300,31460,2022
"Madison, IN Micro Area",57801,33057,41.0,2572,1221,12890,9018,168100,31500,2022
"Madison, WI Metro Area",82996,678995,36.7,135214,56720,290256,177081,320700,31540,2022
"Madisonville, KY Micro Area",54466,45223,41.4,2671,1534,18345,12829,125800,31580,2022
"Magnolia, AR Micro Area",47441,22707,35.1,1884,684,7826,5660,123200,31620,2022
"Malone, NY Micro Area",60270,47459,41.9,4152,2656,18933,13423,131600,31660,2022
"Malvern, AR Micro Area",50260,33129,42.6,2420,1063,11900,9360,119600,31680,2022
"Manchester-Nashua, NH Metro Area",95112,422733,40.9,76111,35731,166344,111661,356200,31700,2022
"Manhattan, KS Metro Area",61270,133834,26.6,16096,7825,49331,24819,210300,31740,2022
"Manitowoc, WI Micro Area",66412,81242,45.0,9562,2831,34860,26490,160400,31820,2022
"Mankato, MN Metro Area",73472,103402,33.6,14603,4940,40023,26220,239800,31860,2022
"Mansfield, OH Metro Area",56557,125008,40.9,9600,4380,49673,33797,140500,31900,2022
"Marietta, OH Micro Area",59053,59639,44.1,5482,2269,24622,18243,164000,31930,2022
"Marinette, WI-MI Micro Area",58291,65260,49.1,5744,2204,28540,22797,139100,31940,2022
"Marion, IN Micro Area",53033,66560,40.1,4783,2796,26550,19124,109300,31980,2022
"Marion, NC Micro Area",53532,44629,44.3,4060,1437,18184,13351,153300,32000,2022
"Marion, OH Micro Area",55106,65366,40.7,4186,1509,24306,16334,135900,32020,2022
"Marquette, MI Micro Area",63115,66376,39.1,10526,3415,27345,19473,184300,32100,2022
"Marshall, MN Micro Area",68919,25352,36.8,3203,820,9924,6954,177600,32140,2022
"Marshall, MO Micro Area",55396,23219,35.5,2492,895,7808,5655,129600,32180,2022
"Marshalltown, IA Micro Area",70828,40049,38.5,3938,1280,15288,11237,125900,32260,2022
"Martin, TN Micro Area",47769,32946,37.9,2657,1143,13129,8559,123100,32280,2022
"Martinsville, VA Micro Area",42458,64299,46.8,4611,2208,26039,18010,108900,32300,2022
"Maryville, MO Micro Area",53917,21140,33.5,1968,929,8261,5239,157200,32340,2022
"Mason City, IA Micro Area",63785,50396,44.2,5788,1824,22640,16397,143400,32380,2022
"Mayagüez, PR Metro Area",17675,97118,44.0,12706,3371,38204,21903,104900,32420,2022
"Mayfield, KY Micro Area",52526,36701,39.9,2646,1458,14304,10699,134900,32460,2022
"Maysville, KY Micro Area",48460,17068,42.1,1423,942,6695,4596,156600,32500,2022
"McAlester, OK Micro Area",53054,43758,40.4,3849,1518,17404,12539,135800,32540,2022
"McAllen-Edinburg-Mission, TX Metro Area",49371,873167,29.8,69445,23007,257499,174713,112700,32580,2022
"McComb, MS Micro Area",40131,40098,37.3,2468,1420,14745,9597,115900,32620,2022
"McMinnville, TN Micro Area",52948,41163,40.3,2746,918,15932,11309,149700,32660,2022
"McPherson, KS Micro Area",71250,30085,39.8,4250,1364,12140,9040,180900,32700,2022
"Meadville, PA Micro Area",58734,83876,43.6,7559,3404,33191,24485,136000,32740,2022
"Medford, OR Metro Area",67690,222604,42.3,29349,12772,89876,58451,369500,32780,2022
"Memphis, TN-MS-AR Metro Area",62178,1335804,36.7,164292,76086,510449,309777,207500,32820,2022
"Menomonie, WI Micro Area",69721,45221,35.4,5172,2108,17257,11448,212000,32860,2022
"Merced, CA Metro Area",64772,282290,31.5,17165,5319,82760,44156,342300,32900,2022
"Meridian, MS Micro Area",45386,97274,39.1,7825,3292,37609,25421,110200,32940,2022
"Mexico, MO Micro Area",51745,24873,40.4,1775,667,8968,6459,112300,33020,2022
"Miami, OK Micro Area",46186,30472,37.6,2027,715,11718,7906,107500,33060,2022
"Miami-Fort Lauderdale-Pompano Beach, FL Metro Area",69085,6123949,41.6,945959,384453,2284247,1370247,369500,33100,2022
"Michigan City-La Porte, IN Metro Area",66854,112215,40.5,11189,4148,43235,32049,166200,33140,2022
"Middlesborough, KY Micro Area",33658,24248,41.5,1219,518,9456,5966,76700,33180,2022
"Midland, MI Metro Area",73643,83503,41.7,12630,5998,34336,26769,171600,33220,2022
"Midland, TX Metro Area",89345,174621,32.2,22010,7649,67177,44896,270900,33260,2022
"Milledgeville, GA Micro Area",51988,52366,38.4,4308,1846,18638,12067,144800,33300,2022
"Milwaukee-Waukesha, WI Metro Area",72937,1568940,38.3,263345,103207,648737,390320,267200,33340,2022
"Minden, LA Micro Area",34263,36761,41.5,2582,803,14801,9926,100100,33380,2022
"Mineral Wells, TX Micro Area",65242,28569,41.3,2326,1007,10640,7667,151500,33420,2022
"Minneapolis-St. Paul-Bloomington, MN-WI Metro Area",94673,3678328,37.6,720528,278217,1439408,1021011,334200,33460,2022
"Minot, ND Micro Area",78112,77140,33.5,9882,3156,31522,19961,238100,33500,2022
"Missoula, MT Metro Area",66840,118541,36.7,22620,8687,50446,29672,382400,33540,2022
"Mitchell, SD Micro Area",57432,23409,39.5,2845,584,9554,6272,177100,33580,2022
"Moberly, MO Micro Area",51480,24652,39.8,2136,648,9101,6209,131200,33620,2022
"Mobile, AL Metro Area",55247,429312,38.4,44513,18442,165111,106202,163600,33660,2022
"Modesto, CA Metro Area",74872,552063,34.5,44136,13144,175747,106359,393300,33700,2022
"Monroe, LA Metro Area",47351,206072,37.6,20605,8109,77241,48115,158100,33740,2022
"Monroe, MI Metro Area",72573,154823,42.6,15952,6969,62240,50266,202200,33780,2022
"Montgomery, AL Metro Area",60849,384740,37.8,46558,23710,148214,96093,170300,33860,2022
"Montrose, CO Micro Area",65033,47759,47.1,7044,2463,19477,14825,338000,33940,2022
"Morehead City, NC Micro Area",66965,68353,49.9,10353,4505,30414,22174,277400,33980,2022
"Morgan City, LA Micro Area",47322,49114,39.5,2823,1229,18628,12946,128000,34020,2022
"Morgantown, WV Metro Area",60670,140194,34.6,17086,11779,56829,35389,215300,34060,2022
"Morristown, TN Metro Area",52913,143196,42.9,11775,5049,55406,39677,170100,34100,2022
"Moscow, ID Micro Area",62258,39872,30.3,6316,2481,15929,9545,309300,34140,2022
"Moses Lake, WA Micro Area",66387,99145,33.2,7832,2254,33666,21805,244500,34180,2022
"Moultrie, GA Micro Area",47235,45813,37.1,2315,1432,16539,10714,113900,34220,2022
"Mountain Home, AR Micro Area",47403,41801,52.1,4004,1275,19021,14142,155600,34260,2022
"Mountain Home, ID Micro Area",55000,28752,32.3,2806,718,10760,6728,235200,34300,2022
"Mount Airy, NC Micro Area",52743,71429,43.8,6190,2455,28990,21105,153700,34340,2022
"Mount Gay-Shamrock, WV Micro Area",42194,32350,44.1,1638,1027,12375,9370,101200,34350,2022
"Mount Pleasant, MI Micro Area",52638,64938,28.9,5938,3410,24875,15340,159500,34380,2022
"Mount Pleasant, TX Micro Area",56096,43844,35.6,3298,1094,15245,10704,141600,34420,2022
"Mount Sterling, KY Micro Area",51889,47101,40.6,3072,1658,17811,12250,123900,34460,2022
"Mount Vernon, IL Micro Area",58384,37043,41.2,2993,1300,14778,10638,115000,34500,2022
"Mount Vernon, OH Micro Area",71246,62657,39.4,6265,2643,23117,16884,197400,34540,2022
"Mount Vernon-Anacortes, WA Metro Area",82029,129480,41.5,16556,7203,50824,35746,444300,34580,2022
"Muncie, IN Metro Area",53377,112156,35.6,10495,5449,46159,30270,120500,34620,2022
"Murray, KY Micro Area",48276,37345,35.6,4109,2526,14805,9539,169100,34660,2022
"Muscatine, IA Micro Area",67427,42968,38.6,4732,1441,17075,12872,159000,34700,2022
"Muskegon, MI Metro Area",61347,175947,39.4,17502,5966,66595,51460,162300,34740,2022
"Muskogee, OK Micro Area",50289,66606,38.1,6329,1943,25598,17081,128900,34780,2022
"Myrtle Beach-Conway-North Myrtle Beach, SC-NC Metro Area",63296,496299,50.0,66527,27718,203298,158078,247600,34820,2022
"Nacogdoches, TX Micro Area",51153,64768,31.7,6015,2411,24893,14708,150700,34860,2022
"Napa, CA Metro Area",105809,137384,42.5,24039,8534,49218,32076,794500,34900,2022
"Naples-Marco Island, FL Metro Area",82011,380221,52.2,66537,31325,156768,117362,443700,34940,2022
"Nashville-Davidson--Murfreesboro--Franklin, TN Metro Area",79020,1990873,36.8,342561,131479,772128,508986,344700,34980,2022
"Natchez, MS-LA Micro Area",37726,48102,39.7,3818,1888,17920,12137,98200,35020,2022
"Natchitoches, LA Micro Area",41310,37478,33.3,3018,1534,13866,7928,155700,35060,2022
"New Bern, NC Metro Area",60258,122678,40.8,12306,6685,49949,34931,187400,35100,2022
"Newberry, SC Micro Area",56706,37918,42.6,3469,1838,15027,11167,139200,35140,2022
"New Castle, IN Micro Area",57632,48913,42.2,4026,1675,18549,13967,124900,35220,2022
"New Castle, PA Micro Area",57585,85907,45.0,9710,3166,35933,26785,130000,35260,2022
"New Haven-Milford, CT Metro Area",81544,866377,40.3,117611,74110,341885,211844,291900,35300,2022
"New Orleans-Metairie, LA Metro Area",62748,1264357,39.0,179980,74344,498271,317844,242600,35380,2022
"New Philadelphia-Dover, OH Micro Area",61953,92840,41.1,8450,3518,37774,26273,163700,35420,2022
"Newport, OR Micro Area",57794,50334,52.4,6765,3253,22483,15896,345300,35440,2022
"Newport, TN Micro Area",45110,36186,45.5,2026,804,14547,10304,137000,35460,2022
"New Ulm, MN Micro Area",67038,25880,42.0,3020,913,10926,8593,165200,35580,2022
"New York-Newark-Jersey City, NY-NJ-PA Metro Area",93610,19908595,39.1,3426175,1817978,7321054,3786708,553500,35620,2022
"Niles, MI Metro Area",60379,153938,42.5,19850,9427,63512,46359,193600,35660,2022
"Nogales, AZ Micro Area",51885,47838,37.3,4308,2180,16651,11190,196700,35700,2022
"Norfolk, NE Micro Area",63350,48667,38.0,5306,1686,19115,13347,181900,35740,2022
"North Platte, NE Micro Area",63119,35827,42.3,3335,1343,14985,10109,167000,35820,2022
"North Port-Sarasota-Bradenton, FL Metro Area",74469,844461,53.6,138460,68444,361001,272549,332300,35840,2022
"North Vernon, IN Micro Area",66892,27610,39.6,1848,646,10461,8469,133200,35860,2022
"North Wilkesboro, NC Micro Area",49119,66125,45.3,5550,1708,27249,19892,146200,35900,2022
"Norwalk, OH Micro Area",64144,58518,40.1,4155,1333,23096,16952,151600,35940,2022
"Norwich-New London, CT Metro Area",84755,268448,42.7,38488,22656,109573,74846,290400,35980,2022
"Oak Harbor, WA Micro Area",82850,86510,44.2,13324,6815,35498,26207,480800,36020,2022
"Ocala, FL Metro Area",55265,378225,48.5,39294,16564,154996,118521,194900,36100,2022
"Ocean City, NJ Metro Area",83870,95456,50.9,16309,7051,43277,33950,372300,36140,2022
"Odessa, TX Metro Area",70566,162300,31.0,10918,3984,60676,39398,175600,36220,2022
"Ogden-Clearfield, UT Metro Area",91022,696650,32.5,94133,34671,224208,171055,384700,36260,2022
"Ogdensburg-Massena, NY Micro Area",58339,108670,38.8,8590,6201,41399,29521,114700,36300,2022
"Oil City, PA Micro Area",59278,50475,47.6,4795,2085,21323,16024,108500,36340,2022
"Okeechobee, FL Micro Area",50476,39870,40.8,3190,1316,14919,11101,158500,36380,2022
"Oklahoma City, OK Metro Area",67963,1428923,35.7,195681,77114,554748,355735,196800,36420,2022
"Olean, NY Micro Area",56889,77000,42.5,5788,4057,31491,23220,105100,36460,2022
"Olympia-Lacey-Tumwater, WA Metro Area",88895,294272,39.5,47084,21219,115695,77830,411700,36500,2022
"Omaha-Council Bluffs, NE-IA Metro Area",79634,966688,36.3,156197,62066,378359,249834,229500,36540,2022
"Oneonta, NY Micro Area",65778,59678,40.8,7088,4509,22305,16534,166500,36580,2022
"Ontario, OR-ID Micro Area",55155,57109,37.8,4496,1506,19304,12453,231600,36620,2022
"Opelousas, LA Micro Area",44478,82574,37.3,4931,1788,30888,21194,148400,36660,2022
"Orangeburg, SC Micro Area",41020,84159,40.5,5784,3865,32687,21364,105500,36700,2022
"Orlando-Kissimmee-Sanford, FL Metro Area",71551,2679298,37.9,416059,166257,948499,596700,308100,36740,2022
"Oshkosh-Neenah, WI Metro Area",70041,171197,38.4,23496,7631,71943,47490,190600,36780,2022
"Oskaloosa, IA Micro Area",65200,22059,39.6,2462,640,8873,6006,135100,36820,2022
"Othello, WA Micro Area",63105,20557,29.0,1018,477,6304,4092,216900,36830,2022
"Ottawa, IL Micro Area",67181,148326,42.5,13487,5413,61431,45634,142100,36837,2022
"Ottawa, KS Micro Area",68217,25968,40.2,2586,1393,10185,7479,175500,36840,2022
"Ottumwa, IA Micro Area",56209,35292,39.4,2795,1185,14193,9413,105800,36900,2022
"Owatonna, MN Micro Area",79722,37396,39.9,4713,1804,15011,11624,217100,36940,2022
"Owensboro, KY Metro Area",64366,121147,39.1,12282,5791,47797,33296,164600,36980,2022
"Oxford, MS Micro Area",59748,56172,30.7,7803,3995,18702,12041,242800,37060,2022
"Oxnard-Thousand Oaks-Ventura, CA Metro Area",102141,842009,39.0,125787,51062,275653,176575,719100,37100,2022
"Ozark, AL Micro Area",52813,49455,37.7,4360,1654,19400,11669,123800,37120,2022
"Paducah, KY-IL Micro Area",57960,98430,43.2,10078,4889,38909,27534,152900,37140,2022
"Pahrump, NV Micro Area",53602,51698,52.9,3372,1270,21847,16407,235500,37220,2022
"Palatka, FL Micro Area",44852,73604,45.1,4890,1636,29782,21737,125700,37260,2022
"Palestine, TX Micro Area",57445,58077,39.3,3857,1284,16899,11602,154600,37300,2022
"Palm Bay-Melbourne-Titusville, FL Metro Area",71308,610723,47.0,91368,45017,246650,189103,278000,37340,2022
"Pampa, TX Micro Area",54852,22036,36.8,1802,436,8341,5925,95000,37420,2022
"Panama City, FL Metro Area",65999,181055,41.2,22211,9060,74678,51208,246800,37460,2022
"Paragould, AR Micro Area",54879,45954,37.8,3283,1551,17741,11421,157400,37500,2022
"Paris, TN Micro Area",48025,32305,45.7,2900,971,13133,9897,141000,37540,2022
"Paris, TX Micro Area",58246,50149,40.3,4736,1829,20122,13423,152800,37580,2022
"Parkersburg-Vienna, WV Metro Area",54175,89474,44.0,8526,4118,37693,28354,138200,37620,2022
"Parsons, KS Micro Area",56143,20096,40.6,1983,782,7956,5994,94600,37660,2022
"Payson, AZ Micro Area",55242,53419,50.6,4700,2047,22714,17178,222500,37740,2022
"Pearsall, TX Micro Area",56042,18151,33.1,607,227,4709,2894,98000,37770,2022
"Pecos, TX Micro Area",57329,14118,35.4,712,172,4157,3101,108900,37780,2022
"Pella, IA Micro Area",74193,33487,39.8,4750,1650,13310,10262,192300,37800,2022
"Pensacola-Ferry Pass-Brent, FL Metro Area",69374,510290,38.9,64318,27345,196061,134369,232800,37860,2022
"Peoria, IL Metro Area",67718,401702,40.3,52603,22417,166063,120197,151300,37900,2022
"Peru, IN Micro Area",59551,35952,41.1,2731,939,13069,9862,112800,37940,2022
"Philadelphia-Camden-Wilmington, PA-NJ-DE-MD Metro Area",85555,6232894,39.0,1026594,512581,2419824,1618790,304900,37980,2022
"Phoenix-Mesa-Chandler, AZ Metro Area",79935,4864209,37.4,698846,299492,1817050,1191711,360600,38060,2022
"Picayune, MS Micro Area",54220,56351,40.8,4357,1461,21188,17007,167700,38100,2022
"Pierre, SD Micro Area",83641,20791,39.7,3415,864,8635,6470,212000,38180,2022
"Pine Bluff, AR Metro Area",47559,87498,39.9,7477,2621,30398,20318,106900,38220,2022
"Pinehurst-Southern Pines, NC Micro Area",77981,100759,43.0,17050,8529,41782,32227,284000,38240,2022
"Pittsburg, KS Micro Area",49779,39012,32.9,4567,2132,15806,9276,114100,38260,2022
"Pittsburgh, PA Metro Area",71283,2365501,42.8,386928,181639,1020243,716261,192400,38300,2022
"Pittsfield, MA Metro Area",69744,128763,47.5,19592,11718,56078,39380,266400,38340,2022
"Plainview, TX Micro Area",50721,32525,33.4,1827,884,10997,6789,97500,38380,2022
"Platteville, WI Micro Area",63497,51842,36.8,4873,2107,19863,13839,173400,38420,2022
"Plattsburgh, NY Micro Area",67097,79839,40.9,8494,4964,32651,22542,165200,38460,2022
"Plymouth, IN Micro Area",66016,46208,39.9,4012,1755,16915,12939,170800,38500,2022
"Pocatello, ID Metro Area",60704,95352,34.7,11422,3897,35375,24218,229800,38540,2022
"Point Pleasant, WV-OH Micro Area",54605,54764,42.6,3981,1873,21423,17103,126600,38580,2022
"Ponca City, OK Micro Area",53746,43859,38.2,3666,1305,16632,11215,111600,38620,2022
"Ponce, PR Metro Area",19867,222831,43.1,31747,8266,81920,58699,104200,38660,2022
"Pontiac, IL Micro Area",68175,35771,41.9,3100,1183,14665,10602,128100,38700,2022
"Poplar Bluff, MO Micro Area",46581,53119,40.8,3177,1204,20205,13771,125400,38740,2022
"Portales, NM Micro Area",52644,19142,31.3,1453,714,6961,4183,128100,38780,2022
"Port Angeles, WA Micro Area",66108,77333,51.2,10921,5366,34128,24894,353600,38820,2022
"Portland-South Portland, ME Metro Area",84095,552916,43.6,106947,48403,233648,169104,344900,38860,2022
"Portland-Vancouver-Hillsboro, OR-WA Metro Area",90451,2505312,38.8,454349,194681,986857,613831,484800,38900,2022
"Port Lavaca, TX Micro Area",62267,20127,38.4,1377,651,8045,6134,128200,38920,2022
"Port St. Lucie, FL Metro Area",69429,494081,47.9,67842,25723,193167,151127,293400,38940,2022
"Portsmouth, OH Micro Area",46360,73716,40.6,5493,2893,28030,19209,122900,39020,2022
"Pottsville, PA Micro Area",63574,143201,44.2,12953,4961,56987,43614,127900,39060,2022
"Poughkeepsie-Newburgh-Middletown, NY Metro Area",92870,697704,39.4,90055,56435,249112,170347,342900,39100,2022
"Prescott Valley-Prescott, AZ Metro Area",62430,237830,54.5,31291,15289,106542,77893,354300,39150,2022
"Price, UT Micro Area",53734,20338,37.8,1563,504,7998,5355,176400,39220,2022
"Prineville, OR Micro Area",74969,24987,47.0,2726,870,10291,7749,368200,39260,2022
"Providence-Warwick, RI-MA Metro Area",81136,1670949,40.4,243774,113395,662080,413136,358200,39300,2022
"Provo-Orem, UT Metro Area",91190,677964,25.2,100887,32778,190765,131230,440800,39340,2022
"Pueblo, CO Metro Area",59436,168135,39.8,18044,7741,67090,44861,238400,39380,2022
"Pullman, WA Micro Area",49345,47141,26.0,6581,3413,17963,8123,298500,39420,2022
"Punta Gorda, FL Metro Area",62164,189900,59.9,24826,10730,84671,69787,265800,39460,2022
"Quincy, IL-MO Micro Area",61924,75570,41.1,8830,3530,30819,22396,146200,39500,2022
"Racine, WI Metro Area",72658,197068,40.2,25327,9872,79100,55341,226500,39540,2022
"Raleigh-Cary, NC Metro Area",91818,1420825,37.4,293994,134180,536357,358214,347600,39580,2022
"Rapid City, SD Metro Area",68363,140356,39.1,20424,7168,56249,39343,248700,39660,2022
"Raymondville, TX Micro Area",42839,20308,33.7,994,301,5414,3743,66900,39700,2022
"Reading, PA Metro Area",74617,428483,39.9,50120,21002,161174,114165,225700,39740,2022
"Red Bluff, CA Micro Area",59029,65484,40.3,5951,1664,24623,16520,290400,39780,2022
"Redding, CA Metro Area",68347,181852,41.7,19783,6335,71107,46257,327500,39820,2022
"Red Wing, MN Micro Area",78338,47697,42.0,6173,2306,19633,15221,254500,39860,2022
"Reno, NV Metro Area",81576,490769,38.7,67350,30014,194112,114312,458700,39900,2022
"Rexburg, ID Micro Area",56594,66006,22.5,6371,1693,16299,8418,291300,39940,2022
"Richmond, IN Micro Area",54854,66522,40.9,5351,2329,27159,18574,119400,39980,2022
"Richmond, VA Metro Area",80877,1316145,38.7,221154,104818,516845,345333,299100,40060,2022
"Richmond-Berea, KY Micro Area",57096,107093,35.5,12327,5917,41888,26405,184700,40080,2022
"Rio Grande City-Roma, TX Micro Area",35979,65716,28.6,3343,1046,18634,13528,88300,40100,2022
"Riverside-San Bernardino-Ontario, CA Metro Area",81041,4610050,35.2,446076,182011,1409904,916926,452400,40140,2022
"Riverton, WY Micro Area",60030,39402,38.9,3990,1948,14617,10333,236700,40180,2022
"Roanoke, VA Metro Area",65687,314708,42.8,43262,17312,128755,88646,221100,40220,2022
"Roanoke Rapids, NC Micro Area",42846,66300,45.6,4913,2231,27602,18148,97900,40260,2022
"Rochelle, IL Micro Area",75782,51672,42.3,5486,2442,20807,15232,172900,40300,2022
"Rochester, MN Metro Area",86788,225911,38.6,37483,16526,91486,67990,266900,40340,2022
"Rochester, NY Metro Area",71349,1086859,40.5,155132,93319,448717,302337,175300,40380,2022
"Rockford, IL Metro Area",63834,338050,39.4,35009,15050,134238,91610,152800,40420,2022
"Rockingham, NC Micro Area",42354,43149,40.1,3131,1432,16605,10829,111900,40460,2022
"Rockport, TX Micro Area",58168,24048,51.0,2992,1247,11412,9020,221500,40530,2022
"Rock Springs, WY Micro Area",79375,42079,37.1,3413,1432,16335,11982,240300,40540,2022
"Rocky Mount, NC Metro Area",53553,144082,41.6,14530,4726,57143,36516,141800,40580,2022
"Rolla, MO Micro Area",53242,44843,36.0,4591,2764,17730,10657,174100,40620,2022
"Rome, GA Metro Area",57868,98541,38.0,8512,3799,35996,22717,174000,40660,2022
"Roseburg, OR Micro Area",56440,111322,46.6,10200,3883,46242,33081,262400,40700,2022
"Roswell, NM Micro Area",49673,64701,36.2,4537,2023,23280,15688,133200,40740,2022
"Ruidoso, NM Micro Area",47919,20222,51.7,2191,1156,9031,7000,195800,40760,2022
"Russellville, AR Micro Area",52259,83817,37.4,7743,2952,31435,22367,144100,40780,2022
"Ruston, LA Micro Area",37001,48323,28.3,5494,3079,18043,9367,184300,40820,2022
"Rutland, VT Micro Area",62641,60585,47.7,8964,4513,25334,18314,203500,40860,2022
"Sacramento-Roseville-Folsom, CA Metro Area",89227,2394673,38.0,371350,138042,867690,538208,511500,40900,2022
"Safford, AZ Micro Area",64089,38453,34.1,2192,1046,12018,8824,178300,40940,2022
"Saginaw, MI Metro Area",56579,189821,41.0,19474,7758,78000,56740,131100,40980,2022
"St. Cloud, MN Metro Area",72564,199922,35.2,22797,8077,76821,51661,238400,41060,2022
"St. George, UT Metro Area",71976,183297,38.6,24819,10020,64151,46477,417400,41100,2022
"St. Joseph, MO-KS Metro Area",61030,121952,39.5,12784,4306,46678,31316,152500,41140,2022
"St. Louis, MO-IL Metro Area",75316,2813523,39.6,428763,214603,1146082,799798,219000,41180,2022
"St. Marys, GA Micro Area",68104,55105,34.0,4874,2136,20345,13222,213400,41220,2022
"St. Marys, PA Micro Area",61672,30886,48.2,2889,1111,13485,10666,121900,41260,2022
"Salem, OH Micro Area",55473,101723,44.5,8083,3357,41251,30192,124400,41400,2022
"Salem, OR Metro Area",72154,433415,37.1,48354,19953,155682,97235,358700,41420,2022
"Salina, KS Micro Area",60896,59928,40.2,7348,2781,24732,16900,161600,41460,2022
"Salinas, CA Metro Area",91043,437609,35.1,45473,20444,130973,68359,683700,41500,2022
"Salisbury, MD-DE Metro Area",72964,421982,46.7,54646,28242,171609,128753,289000,41540,2022
"Salt Lake City, UT Metro Area",90277,1254675,33.3,189420,73722,429797,291906,434300,41620,2022
"San Angelo, TX Metro Area",66832,122229,35.0,12958,4870,46488,31579,177100,41660,2022
"San Antonio-New Braunfels, TX Metro Area",70910,2570862,35.3,324052,140942,930395,585139,234900,41700,2022
"San Diego-Chula Vista-Carlsbad, CA Metro Area",96974,3289701,36.7,564011,242010,1149157,623317,725200,41740,2022
"Sandpoint, ID Micro Area",61816,47976,48.3,6500,2311,19228,15044,378200,41760,2022
"Sandusky, OH Micro Area",65171,75299,44.8,9429,3722,32103,22916,169400,41780,2022
"Sanford, NC Micro Area",60941,63560,39.6,6339,2123,24050,15706,186000,41820,2022
"San Francisco-Oakland-Berkeley, CA Metro Area",129315,4692242,39.7,1027893,508186,1723229,954768,1073300,41860,2022
"San Germán, PR Metro Area",19871,124504,46.3,17430,3655,44440,32052,104900,41900,2022
"San Jose-Sunnyvale-Santa Clara, CA Metro Area",151713,1981584,37.6,383998,264770,670204,374638,1282400,41940,2022
"San Juan-Bayamón-Caguas, PR Metro Area",26853,2073546,43.5,322821,94389,780900,529171,134400,41980,2022
"San Luis Obispo-Paso Robles, CA Metro Area",90158,281712,40.0,45318,17559,108099,67031,726700,42020,2022
"Santa Cruz-Watsonville, CA Metro Area",104409,268571,39.2,44286,21144,96487,57852,951300,42100,2022
"Santa Fe, NM Metro Area",70522,154481,47.7,24664,15429,67866,48530,374200,42140,2022
"Santa Isabel, PR Micro Area",22680,20207,40.6,3005,640,7230,5778,104100,42180,2022
"Santa Maria-Santa Barbara, CA Metro Area",92332,445213,34.3,59212,25044,148032,78168,714800,42200,2022
"Santa Rosa-Petaluma, CA Metro Area",99266,488436,42.7,82815,33801,189653,116921,748500,42220,2022
"Sault Ste. Marie, MI Micro Area",58408,36670,40.8,3700,1536,13747,10120,142000,42300,2022
"Savannah, GA Metro Area",70705,406575,36.4,56679,25880,155458,95909,250000,42340,2022
"Sayre, PA Micro Area",60650,60159,43.9,5202,2471,24361,17648,169700,42380,2022
"Scottsbluff, NE Micro Area",59842,37880,39.4,4402,1428,15818,10712,151100,42420,2022
"Scottsboro, AL Micro Area",46748,52618,43.0,3874,1843,20670,15733,126900,42460,2022
"Scottsburg, IN Micro Area",49343,24403,41.3,1324,498,9693,6782,137200,42500,2022
"Scranton--Wilkes-Barre, PA Metro Area",62318,567287,42.2,65329,30121,231292,155095,163500,42540,2022
"Searcy, AR Micro Area",51144,77118,38.3,6067,2953,28788,19105,150700,42620,2022
"Seattle-Tacoma-Bellevue, WA Metro Area",107206,4001701,37.3,772228,368984,1565696,946532,628500,42660,2022
"Sebastian-Vero Beach, FL Metro Area",67543,160986,54.8,25090,11578,65735,52704,284400,42680,2022
"Sebring-Avon Park, FL Metro Area",53679,102339,54.1,9422,3200,44685,35026,155900,42700,2022
"Sedalia, MO Micro Area",57581,43059,38.0,3114,1610,16696,11684,150000,42740,2022
"Selinsgrove, PA Micro Area",65914,39797,40.0,3395,1665,14430,10887,197300,42780,2022
"Selma, AL Micro Area",37180,38326,40.4,2633,1239,14753,9060,91600,42820,2022
"Seneca, SC Micro Area",56710,78775,46.2,9502,5244,33240,25002,192800,42860,2022
"Seneca Falls, NY Micro Area",64050,33651,43.0,3301,1662,13622,9882,132000,42900,2022
"Sevierville, TN Micro Area",60103,98455,43.9,9547,2916,38193,27565,239800,42940,2022
"Seymour, IN Micro Area",65609,46212,39.5,3867,1680,17574,12850,161300,42980,2022
"Shawano, WI Micro Area",65222,45127,44.3,3968,1441,17960,14123,164700,43020,2022
"Shawnee, OK Micro Area",58270,72734,37.7,6629,2752,26422,18482,147000,43060,2022
"Sheboygan, WI Metro Area",68969,117741,41.5,14669,5723,49035,35152,198900,43100,2022
"Shelby, NC Micro Area",50723,99527,41.4,8415,3774,36567,25481,155000,43140,2022
"Shelbyville, TN Micro Area",59955,50533,37.9,4051,1209,18469,12998,221200,43180,2022
"Shelton, WA Micro Area",74388,66053,45.1,6510,2879,25488,20183,340300,43220,2022
"Sheridan, WY Micro Area",68898,31176,42.8,4174,1987,13066,9011,342400,43260,2022
"Sherman-Denison, TX Metro Area",66608,137008,39.2,14097,5119,52084,34954,206900,43300,2022
"Show Low, AZ Micro Area",50335,107110,38.7,7133,3781,37565,27163,165600,43320,2022
"Shreveport-Bossier City, LA Metro Area",53053,391957,37.7,40118,18974,153361,96679,176700,43340,2022
"Sidney, OH Micro Area",73502,48145,40.2,4261,1991,18599,13784,174200,43380,2022
"Sierra Vista-Douglas, AZ Metro Area",58421,125504,41.4,14684,7074,49680,34882,183000,43420,2022
"Sikeston, MO Micro Area",54621,38055,39.4,3637,1550,15160,10399,132800,43460,2022
"Silver City, NM Micro Area",44895,28006,48.1,3153,1794,11292,8072,153900,43500,2022
"Sioux City, IA-NE-SD Metro Area",69065,149113,36.1,15266,5585,56662,38695,163700,43580,2022
"Sioux Falls, SD Metro Area",78552,277944,35.9,45359,14174,111244,73895,255400,43620,2022
"Snyder, TX Micro Area",58932,16883,36.2,1492,388,5693,4603,109400,43660,2022
"Somerset, KY Micro Area",48768,65145,41.8,4560,2624,25711,18576,140400,43700,2022
"Somerset, PA Micro Area",57357,73802,46.7,6167,2487,28956,23373,124500,43740,2022
"Sonora, CA Micro Area",70432,54993,48.7,6941,2422,22831,16991,377700,43760,2022
"South Bend-Mishawaka, IN-MI Metro Area",62448,323992,37.9,39062,17495,128245,90166,168300,43780,2022
"Spartanburg, SC Metro Area",61955,330119,38.0,34691,16947,125394,91280,195800,43900,2022
"Spearfish, SD Micro Area",62977,26047,43.0,4574,1513,11392,7482,267900,43940,2022
"Spencer, IA Micro Area",61756,16423,41.5,2059,558,7225,5253,151400,43980,2022
"Spirit Lake, IA Micro Area",72446,17692,47.9,3246,659,8279,6494,236100,44020,2022
"Spokane-Spokane Valley, WA Metro Area",69752,585485,38.6,80577,32039,231995,150851,326800,44060,2022
"Springfield, IL Metro Area",72445,208406,40.6,29577,14199,89102,62920,163400,44100,2022
"Springfield, MA Metro Area",70547,689486,40.2,91027,52147,276028,177220,278900,44140,2022
"Springfield, MO Metro Area",58291,477056,37.3,58327,25800,196644,123733,191500,44180,2022
"Springfield, OH Metro Area",58954,135877,41.4,10887,5351,55429,37991,144900,44220,2022
"Starkville, MS Micro Area",45358,61330,27.0,6569,3821,25230,13218,182000,44260,2022
"State College, PA Metro Area",70087,158665,33.3,21837,13999,58285,36460,289800,44300,2022
"Statesboro, GA Micro Area",53675,79829,29.7,8064,3361,29634,15337,172500,44340,2022
"Staunton, VA Metro Area",67711,125355,42.9,14938,6232,50551,35607,250600,44420,2022
"Steamboat Springs, CO Micro Area",95144,24944,41.9,5931,2353,10279,7863,691800,44460,2022
"Stephenville, TX Micro Area",59654,42788,31.6,5542,2026,16007,10124,219600,44500,2022
"Sterling, CO Micro Area",54864,21302,38.9,1791,1026,7985,5713,203100,44540,2022
"Sterling, IL Micro Area",62828,55569,43.5,4612,2524,23164,17241,122200,44580,2022
"Stevens Point, WI Micro Area",71301,70281,37.8,10749,3484,29311,20442,214700,44620,2022
"Stillwater, OK Micro Area",46658,82058,27.2,9371,4732,31843,16387,196100,44660,2022
"Stockton, CA Metro Area",82837,779445,34.8,68376,22666,237423,142391,462000,44700,2022
"Storm Lake, IA Micro Area",62662,20687,35.6,1889,551,7538,5280,138100,44740,2022
"Sturgis, MI Micro Area",62281,60887,39.8,4415,2142,23478,17494,152800,44780,2022
"Sulphur Springs, TX Micro Area",63766,37008,39.7,3704,1294,13781,9655,172800,44860,2022
"Summerville, GA Micro Area",43556,24902,40.2,950,519,9292,6286,86400,44900,2022
"Sumter, SC Metro Area",52942,136362,38.7,11953,6666,52601,35715,144500,44940,2022
"Sunbury, PA Micro Area",55952,91340,44.5,8572,2879,37775,27875,141300,44980,2022
"Susanville, CA Micro Area",59515,31873,37.2,2138,427,8925,6131,233100,45000,2022
"Sweetwater, TX Micro Area",47437,14657,36.6,872,353,5670,3711,91300,45020,2022
"Syracuse, NY Metro Area",70096,658694,39.8,82362,49821,265206,180199,164400,45060,2022
"Tahlequah, OK Micro Area",52410,47412,36.5,5472,2333,17993,12010,144600,45140,2022
"Talladega-Sylacauga, AL Micro Area",52457,81105,42.1,5623,2966,32359,23275,131900,45180,2022
"Tallahassee, FL Metro Area",59757,386064,34.3,54837,26390,152091,87448,230200,45220,2022
"Tampa-St. Petersburg-Clearwater, FL Metro Area",67197,3194310,42.1,490870,196698,1281240,857640,273000,45300,2022
"Taos, NM Micro Area",55145,34475,49.8,5014,3220,13736,11060,313400,45340,2022
"Taylorville, IL Micro Area",56933,33893,42.2,2981,831,13473,10351,108800,45380,2022
"Terre Haute, IN Metro Area",56449,185357,38.6,16373,7331,73118,50605,123700,45460,2022
"Texarkana, TX-AR Metro Area",53628,147453,38.9,12405,5686,55083,36163,141900,45500,2022
"The Dalles, OR Micro Area",61316,26639,40.4,2493,989,10488,6830,298200,45520,2022
"The Villages, FL Metro Area",70105,131832,68.3,23971,12501,64305,56048,324400,45540,2022
"Thomaston, GA Micro Area",48740,27638,41.5,1873,740,10412,6729,136500,45580,2022
"Thomasville, GA Micro Area",55958,45665,39.9,4882,1754,18168,11315,178900,45620,2022
"Tiffin, OH Micro Area",62476,55062,40.6,4528,1959,21910,15779,128100,45660,2022
"Tifton, GA Micro Area",52561,41247,36.5,2594,1618,15328,9452,140700,45700,2022
"Toccoa, GA Micro Area",52901,26732,41.9,1777,654,10213,7493,154200,45740,2022
"Toledo, OH Metro Area",61620,644547,38.4,78191,35079,270018,174691,159500,45780,2022
"Topeka, KS Metro Area",65665,232995,40.0,30171,12527,95742,66993,161700,45820,2022
"Torrington, CT Micro Area",89394,185765,45.1,30068,16310,75578,57082,303700,45860,2022
"Traverse City, MI Micro Area",73845,153733,45.9,24929,12239,62368,50282,263500,45900,2022
"Trenton-Princeton, NJ Metro Area",92697,383732,39.3,62306,36469,139549,87635,327600,45940,2022
"Troy, AL Micro Area",42616,32997,31.1,3024,1692,11996,7561,144500,45980,2022
"Truckee-Grass Valley, CA Micro Area",79395,102322,50.2,19803,7518,41415,31000,559700,46020,2022
"Tucson, AZ Metro Area",64323,1042393,39.0,140892,74070,423075,271377,258300,46060,2022
"Tullahoma-Manchester, TN Micro Area",58259,107618,40.8,10084,4885,42036,30578,200300,46100,2022
"Tulsa, OK Metro Area",65784,1017724,37.3,131694,46695,393650,257753,188400,46140,2022
"Tupelo, MS Micro Area",59860,163378,37.5,15639,6601,61903,45147,146300,46180,2022
"Tuscaloosa, AL Metro Area",58132,272931,34.1,28725,13018,100101,64344,201800,46220,2022
"Twin Falls, ID Metro Area",62912,115066,35.2,9491,4395,41452,29064,255000,46300,2022
"Tyler, TX Metro Area",69053,234667,37.2,28037,9856,81286,55863,201400,46340,2022
"Ukiah, CA Micro Area",61335,91145,43.7,9382,4315,34557,21044,463700,46380,2022
"Union, SC Micro Area",42305,27158,44.2,1998,609,11580,8045,95300,46420,2022
"Union City, TN Micro Area",50638,30670,42.3,2351,1136,12542,8239,119500,46460,2022
"Urbana, OH Micro Area",70486,38715,41.7,3345,1424,15612,11914,166900,46500,2022
"Urban Honolulu, HI Metro Area",99816,1010100,38.8,164506,63795,333700,196384,832200,46520,2022
"Utica-Rome, NY Metro Area",66823,291348,41.6,30494,17448,117608,81902,151600,46540,2022
"Uvalde, TX Micro Area",55000,24833,34.2,2200,550,8420,5750,129900,46620,2022
"Valdosta, GA Metro Area",51216,148203,32.2,13092,5793,54448,31182,167400,46660,2022
"Vallejo, CA Metro Area",97037,450995,38.8,60316,19531,154987,97692,549100,46700,2022
"Van Wert, OH Micro Area",64841,28833,41.3,2095,1127,11666,9258,129300,46780,2022
"Vermillion, SD Micro Area",55963,14953,24.6,1540,787,5416,2767,209300,46820,2022
"Vernal, UT Micro Area",67983,35951,32.4,2856,767,11547,8510,253100,46860,2022
"Vernon, TX Micro Area",50769,12795,37.2,1101,203,4626,2735,82300,46900,2022
"Vicksburg, MS Micro Area",54117,44341,39.9,4988,2077,16823,12074,142100,46980,2022
"Victoria, TX Metro Area",66105,98301,36.7,8982,2327,36985,25255,180500,47020,2022
"Vidalia, GA Micro Area",47430,35633,37.5,2117,1397,12720,8514,119000,47080,2022
"Vincennes, IN Micro Area",58173,36148,38.9,2815,1169,14943,9787,122100,47180,2022
"Vineland-Bridgeton, NJ Metro Area",62310,153588,37.9,12061,4586,52584,34720,192900,47220,2022
"Vineyard Haven, MA Micro Area",93225,20543,49.2,3694,1995,6899,5285,998100,47240,2022
"Virginia Beach-Norfolk-Newport News, VA-NC Metro Area",77082,1798025,37.0,253302,123557,701510,438770,295900,47260,2022
"Visalia, CA Metro Area",64474,473446,31.5,28337,11441,140670,82078,280900,47300,2022
"Wabash, IN Micro Area",66194,31032,42.8,2930,1548,12471,9906,135800,47340,2022
"Waco, TX Metro Area",59193,278103,34.1,27156,12013,100484,60898,190100,47380,2022
"Wahpeton, ND-MN Micro Area",67099,23002,39.0,2877,555,9448,6838,166100,47420,2022
"Walla Walla, WA Metro Area",66635,62150,38.0,6937,3575,22978,15200,331600,47460,2022
"Wapakoneta, OH Micro Area",75231,46263,40.7,3973,2185,18858,14575,168200,47540,2022
"Warner Robins, GA Metro Area",73788,192171,36.2,21779,12629,70771,47575,186300,47580,2022
"Warren, PA Micro Area",57925,38492,47.4,3514,1447,16209,12624,116300,47620,2022
"Warrensburg, MO Micro Area",62503,54025,31.0,5067,3024,20613,13015,206600,47660,2022
"Warsaw, IN Micro Area",70945,80442,39.0,8312,3975,31325,23852,183300,47700,2022
"Washington, IN Micro Area",64113,33337,34.9,2232,757,11606,8161,174000,47780,2022
"Washington, NC Micro Area",56081,44711,46.9,3996,1714,18972,13428,159900,47820,2022
"Washington-Arlington-Alexandria, DC-VA-MD-WV Metro Area",119803,6346083,37.7,1159825,799230,2361858,1508442,513300,47900,2022
"Washington Court House, OH Micro Area",56773,28901,41.2,1702,863,11620,7495,151400,47920,2022
"Waterloo-Cedar Falls, IA Metro Area",66732,168404,36.4,21647,7503,68437,47363,176100,47940,2022
"Watertown, SD Micro Area",67993,34598,38.7,3294,1013,14316,9904,202900,47980,2022
"Watertown-Fort Atkinson, WI Micro Area",77018,85932,41.5,11621,3673,34102,24941,238300,48020,2022
"Watertown-Fort Drum, NY Metro Area",62782,117445,32.8,11185,6105,46099,25123,169600,48060,2022
"Wauchula, FL Micro Area",44665,25528,35.2,1169,462,8127,5413,118700,48100,2022
"Wausau-Weston, WI Metro Area",71675,166222,42.2,20621,6903,68710,50776,189500,48140,2022
"Waycross, GA Micro Area",49055,55739,38.6,3805,1486,20216,13686,105000,48180,2022
"Weatherford, OK Micro Area",58669,28391,32.4,3459,1196,10700,6939,168700,48220,2022
"Weirton-Steubenville, WV-OH Metro Area",54142,116536,45.6,10839,4550,49551,35889,114100,48260,2022
"Wenatchee, WA Metro Area",75185,122265,39.4,14937,5167,45888,30118,395300,48300,2022
"West Plains, MO Micro Area",46401,39960,40.7,2909,1364,15433,10624,141600,48460,2022
"West Point, MS Micro Area",37412,18598,39.5,1443,579,7582,5178,110600,48500,2022
"Wheeling, WV-OH Metro Area",56691,139287,44.2,14317,6135,55516,40913,136600,48540,2022
"Whitewater, WI Micro Area",75172,105127,40.7,14460,5496,42179,29399,254300,48580,2022
"Wichita, KS Metro Area",66643,646794,36.5,85165,36925,249468,162128,173400,48620,2022
"Wichita Falls, TX Metro Area",60641,148523,36.1,14876,6280,56175,35711,131500,48660,2022
"Williamsport, PA Metro Area",63437,114022,41.4,12691,4912,45705,31941,182500,48700,2022
"Williston, ND Micro Area",86139,39076,31.9,4410,1156,15599,8375,255000,48780,2022
"Willmar, MN Micro Area",73285,43686,40.0,5365,1605,17128,12660,214600,48820,2022
"Wilmington, NC Metro Area",68845,289726,40.6,53208,19471,123233,78667,301900,48900,2022
"Wilmington, OH Micro Area",64210,42077,40.5,3621,1840,16390,11590,172800,48940,2022
"Wilson, NC Micro Area",49827,78667,40.9,7053,3178,32287,19206,153800,48980,2022
"Winchester, VA-WV Metro Area",79416,143385,40.7,16161,8461,52817,37460,301100,49020,2022
"Winfield, KS Micro Area",55726,34661,38.1,3620,1644,13091,9274,104000,49060,2022
"Winnemucca, NV Micro Area",75574,17266,37.0,1751,471,6986,4900,242200,49080,2022
"Winona, MN Micro Area",66162,49792,35.6,6520,2517,20215,13891,203500,49100,2022
"Winston-Salem, NC Metro Area",60145,678243,40.8,84030,32478,271091,183586,193800,49180,2022
"Wisconsin Rapids-Marshfield, WI Micro Area",63273,74138,43.9,7590,2563,31887,23287,156600,49220,2022
"Woodward, OK Micro Area",60873,24166,38.3,2203,715,9419,6864,154100,49260,2022
"Wooster, OH Micro Area",70320,116680,38.8,11090,5545,44206,33300,189800,49300,2022
"Worcester, MA-CT Metro Area",86708,975551,40.2,145098,79380,376746,250000,347400,49340,2022
"Worthington, MN Micro Area",62973,22194,36.4,1841,423,7689,5726,161000,49380,2022
"Yakima, WA Metro Area",64910,256143,33.0,18200,7574,85558,53324,254700,49420,2022
"Yankton, SD Micro Area",68847,23311,41.7,2822,1170,9789,6890,190400,49460,2022
"Yauco, PR Metro Area",19166,85638,44.4,11862,2520,31129,22521,91600,49500,2022
"York-Hanover, PA Metro Area",79183,457051,41.0,53120,23817,178543,134921,220700,49620,2022
"Youngstown-Warren-Boardman, OH-PA Metro Area",54650,540328,43.9,58464,24604,228587,162355,130400,49660,2022
"Yuba City, CA Metro Area",70176,180806,34.9,14983,5205,60608,36608,365300,49700,2022
"Yuma, AZ Metro Area",56439,204374,35.3,14038,5745,74678,51575,173500,49740,2022
"Zanesville, OH Micro Area",56810,86393,40.5,7036,3697,34599,23828,156100,49780,2022
"Zapata, TX Micro Area",35061,13896,30.9,722,128,4580,3413,84800,49820,2022
